OrderID,OrderDate,CustomerID,ProductID,RegionID,Quantity,Revenue,Cost
1,2025-06-28,47,3,R2,2,7832,5301.65
2,2025-06-22,27,16,R1,8,46688,35758.52
3,2025-02-13,85,4,R4,4,32128,25382.18
4,2025-08-11,82,11,R1,7,54516,35891.94
5,2025-02-13,93,6,R2,3,1953,1153.85
6,2025-08-27,84,5,R4,6,16524,11536.04
7,2025-03-09,3,1,R1,3,21921,17895.61
8,2025-04-10,28,1,R3,4,19996,13703.53
9,2025-10-28,42,9,R4,3,3591,2857.38
10,2025-07-01,59,22,R4,3,26739,15802.64
11,2025-09-19,3,28,R4,3,792,601.55
12,2025-03-18,23,5,R4,2,18634,10559.4
13,2025-12-16,67,17,R4,2,18758,10604.69
14,2025-04-08,36,2,R1,8,75224,41939.17
15,2025-02-02,57,11,R2,5,38055,26151.48
16,2025-09-02,65,8,R3,4,30128,17685.93
17,2025-03-04,51,15,R3,2,8284,5514.26
18,2025-04-19,86,10,R1,3,18597,10946.27
19,2025-03-12,60,8,R1,7,57281,34022.32
20,2025-12-08,29,6,R4,7,40292,26743.6
21,2025-07-02,41,3,R3,1,5737,4013.57
22,2025-08-14,91,1,R4,6,52062,37404.48
23,2025-09-20,9,4,R2,2,3154,1960.85
24,2025-01-21,100,6,R3,3,21354,16643.07
25,2025-12-13,34,13,R2,8,44464,25529.22
26,2025-01-30,89,6,R4,2,9212,7400.5
27,2025-11-21,12,26,R3,2,7686,4365.56
28,2025-03-04,59,1,R3,7,32116,23054.79
29,2025-01-23,68,23,R2,2,5690,3531.85
30,2025-04-03,26,30,R3,5,44505,33604.15
31,2025-05-29,58,17,R2,5,29425,22568.78
32,2025-05-09,5,1,R1,4,34500,23397.4
33,2025-08-17,14,22,R4,8,73152,56718.09
34,2025-07-21,65,10,R2,4,23256,14037.99
35,2025-12-28,94,21,R2,7,41258,33629.73
36,2025-03-08,2,3,R3,7,20118,11365.83
37,2025-12-07,49,28,R3,4,20004,11246.53
38,2025-04-05,21,9,R4,1,4512,2925.21
39,2025-06-18,71,11,R2,1,5271,3209.11
40,2025-04-04,1,11,R4,2,15952,9974.96
41,2025-12-02,26,8,R1,2,9056,6978.57
42,2025-03-15,52,19,R1,7,3976,2508.48
43,2025-11-19,30,3,R2,7,38801,28890.56
44,2025-09-11,20,10,R2,1,8604,6189.54
45,2025-12-25,65,5,R1,4,6376,3560.44
46,2025-03-10,82,12,R1,7,53165,37258.16
47,2025-11-18,3,21,R2,8,36168,19924.77
48,2025-02-05,96,30,R1,2,15926,9843.74
49,2025-02-08,34,8,R2,4,30968,21162.48
50,2025-07-15,10,16,R3,1,3448,1968.52
51,2025-03-17,43,9,R3,3,1212,824.47
52,2025-09-06,35,22,R1,4,32884,20668.62
53,2025-09-22,37,15,R4,8,17128,14013.98
54,2025-10-09,26,10,R1,8,3888,2442.4
55,2025-02-09,65,15,R3,7,25459,20302.78
56,2025-04-18,10,19,R1,3,26358,16360.11
57,2025-07-04,17,20,R3,2,12366,7573.85
58,2025-09-06,51,1,R2,1,8255,6059.41
59,2025-07-27,39,24,R2,7,40845,26612.5
60,2025-03-03,43,1,R3,6,40350,23500.29
61,2025-04-11,92,1,R3,5,31490,17871.96
62,2025-07-19,76,3,R3,7,32956,25727.07
63,2025-05-24,14,2,R3,3,12852,10438.14
64,2025-08-12,66,11,R2,6,43248,34111.95
65,2025-11-20,52,30,R2,2,2020,1620.11
66,2025-07-30,58,20,R2,5,40775,22965.45
67,2025-10-09,17,6,R4,7,40810,25549.98
68,2025-05-11,95,24,R3,7,28770,18160.37
69,2025-10-13,86,13,R1,3,8544,4872.61
70,2025-09-14,64,18,R2,8,45224,37040.64
71,2025-08-19,55,5,R2,4,6744,4027.3
72,2025-10-12,12,11,R2,6,26592,20436.66
73,2025-04-14,3,24,R4,7,48867,36717.54
74,2025-04-18,49,9,R3,1,8361,5225.03
75,2025-07-04,17,22,R2,2,9280,7351.0
76,2025-07-16,52,21,R4,7,37184,28971.71
77,2025-01-12,17,2,R4,8,78560,53597.76
78,2025-02-07,51,30,R4,8,34160,26010.75
79,2025-04-25,20,5,R1,8,12736,8901.26
80,2025-01-21,1,26,R2,4,38112,30427.8
81,2025-11-27,92,10,R2,5,44270,31954.02
82,2025-12-24,98,4,R1,2,10240,7081.96
83,2025-10-26,25,13,R3,4,872,482.06
84,2025-06-04,59,9,R3,4,31948,22111.05
85,2025-10-08,32,1,R4,5,5530,3074.03
86,2025-09-13,87,21,R4,2,8828,5398.47
87,2025-08-06,48,8,R4,1,5738,4268.78
88,2025-07-05,88,13,R2,1,4985,3736.58
89,2025-09-16,9,7,R4,4,21228,16064.96
90,2025-04-10,30,15,R2,5,25160,14578.51
91,2025-11-16,64,20,R2,4,32588,21592.74
92,2025-12-07,8,20,R2,7,7630,4635.2
93,2025-11-02,19,14,R1,1,3216,2110.33
94,2025-12-31,41,24,R1,2,5826,3722.21
95,2025-04-05,84,30,R4,1,5308,3871.63
96,2025-07-13,48,11,R4,3,5955,3279.87
97,2025-05-24,11,12,R4,2,18786,15223.3
98,2025-04-17,49,12,R3,7,11459,6454.85
99,2025-08-31,26,12,R4,4,21988,14255.86
100,2025-08-31,4,21,R4,4,27324,15328.09
101,2025-01-18,60,3,R1,5,16965,12753.73
102,2025-11-07,44,12,R3,6,5484,3404.39
103,2025-12-20,41,30,R3,5,1305,972.0
104,2025-11-01,82,3,R1,4,7828,5309.74
105,2025-08-27,100,13,R3,7,57995,33975.27
106,2025-09-12,24,1,R3,3,12204,7792.33
107,2025-06-13,59,12,R1,4,26468,19937.79
108,2025-05-07,53,3,R1,8,74024,51598.17
109,2025-03-24,55,29,R1,2,9078,6523.84
110,2025-04-17,13,14,R4,8,24296,14899.11
111,2025-08-02,59,20,R2,2,10030,6312.09
112,2025-10-18,35,12,R3,5,17315,11577.46
113,2025-04-06,32,8,R2,5,48370,29062.03
114,2025-02-03,51,9,R2,4,7388,5366.63
115,2025-01-19,14,1,R4,4,30176,24046.69
116,2025-01-21,38,8,R1,1,3305,2353.6
117,2025-10-26,25,30,R1,6,51594,40442.18
118,2025-08-18,78,9,R1,2,19934,14783.47
119,2025-06-29,28,2,R3,6,15096,8482.82
120,2025-05-11,5,20,R2,1,5561,3672.64
121,2025-07-10,24,20,R3,2,7064,3945.22
122,2025-09-11,71,16,R1,7,13027,9964.06
123,2025-12-06,71,5,R1,3,20151,14866.59
124,2025-07-29,37,22,R3,7,7287,4622.42
125,2025-10-18,46,14,R4,1,6160,4459.9
126,2025-07-20,94,13,R2,1,7313,5802.43
127,2025-08-05,15,27,R1,7,67662,53342.44
128,2025-08-24,99,6,R2,1,1046,731.07
129,2025-11-25,51,3,R3,3,7770,5003.45
130,2025-03-24,67,6,R1,2,12974,8853.95
131,2025-04-12,39,5,R1,8,42824,24170.34
132,2025-11-22,50,3,R2,4,27308,19551.9
133,2025-04-11,61,6,R2,1,6749,5422.2
134,2025-03-22,50,12,R1,3,12741,10346.8
135,2025-04-09,6,29,R1,6,12768,8366.31
136,2025-08-22,71,28,R3,7,36743,25988.64
137,2025-08-06,50,22,R3,8,67600,45180.81
138,2025-01-12,1,20,R4,8,32432,21750.23
139,2025-11-13,100,27,R4,3,23859,15701.43
140,2025-02-04,17,12,R4,6,10212,7828.68
141,2025-09-16,66,22,R1,1,2334,1335.53
142,2025-06-10,100,24,R1,1,8456,6693.89
143,2025-12-01,18,1,R1,2,6746,3950.03
144,2025-09-09,37,26,R2,4,5092,3945.89
145,2025-11-09,97,9,R2,6,28230,22424.97
146,2025-08-22,19,9,R4,4,39588,24583.13
147,2025-09-17,31,11,R3,1,3459,2072.52
148,2025-03-24,82,30,R3,6,38244,22776.61
149,2025-05-16,15,25,R1,6,45732,32007.76
150,2025-10-24,89,29,R1,5,44880,32315.38
151,2025-07-21,95,26,R3,5,31780,25978.07
152,2025-10-23,19,12,R3,2,14892,9115.58
153,2025-11-12,96,2,R3,5,26400,19076.49
154,2025-10-27,85,29,R3,1,753,459.21
155,2025-05-29,79,21,R4,7,60193,39023.53
156,2025-01-25,17,16,R2,1,565,319.05
157,2025-10-18,46,10,R1,6,53700,32786.53
158,2025-10-26,39,19,R2,4,24800,17817.83
159,2025-09-01,21,5,R1,4,10584,7109.59
160,2025-02-02,82,5,R3,7,31703,25715.15
161,2025-01-29,83,27,R3,8,69440,51944.66
162,2025-05-08,22,29,R1,1,1208,837.76
163,2025-07-27,24,8,R2,1,1918,1061.3
164,2025-10-10,85,7,R2,7,24276,16748.73
165,2025-11-26,65,21,R4,3,25596,16215.92
166,2025-06-03,81,2,R4,1,6346,4937.17
167,2025-08-27,11,24,R4,3,11703,9585.75
168,2025-05-14,30,21,R1,2,11394,9008.6
169,2025-12-22,34,23,R1,5,46365,34003.79
170,2025-12-18,67,9,R3,4,6396,5037.57
171,2025-01-08,22,9,R2,4,11232,8440.41
172,2025-06-17,25,29,R4,6,24708,16120.76
173,2025-11-19,89,22,R4,8,71144,52529.66
174,2025-01-14,56,24,R2,5,18360,12039.06
175,2025-10-27,10,19,R2,3,2217,1235.45
176,2025-02-24,80,30,R2,6,15138,11190.01
177,2025-01-16,6,5,R1,2,1928,1094.63
178,2025-10-30,98,12,R2,2,12976,7512.08
179,2025-04-16,27,4,R1,1,1633,1261.93
180,2025-11-20,81,10,R4,2,4746,2735.7
181,2025-11-27,27,10,R3,6,42852,26590.23
182,2025-06-29,33,30,R3,1,6229,4956.98
183,2025-11-05,65,16,R3,1,6965,3889.51
184,2025-09-23,99,4,R3,8,7904,5495.08
185,2025-04-21,92,28,R1,5,14955,9985.98
186,2025-09-26,26,10,R1,1,5898,4025.52
187,2025-09-09,89,26,R2,8,79264,51025.42
188,2025-09-21,34,19,R2,5,18585,14930.04
189,2025-04-29,64,6,R1,2,16464,12557.7
190,2025-12-23,72,26,R1,6,36156,20814.65
191,2025-07-22,96,3,R4,1,6294,3811.97
192,2025-05-15,55,29,R2,7,28182,22682.52
193,2025-03-06,69,20,R1,6,58368,37250.36
194,2025-03-21,58,22,R3,3,23364,15618.26
195,2025-05-12,75,8,R2,6,46614,33726.59
196,2025-12-23,31,17,R2,5,25695,19368.34
197,2025-11-13,20,24,R2,4,22200,15823.75
198,2025-06-28,21,8,R3,4,17752,14437.52
199,2025-02-22,22,22,R1,4,25980,15347.92
200,2025-03-17,39,24,R3,7,32802,19778.67
201,2025-11-23,14,9,R2,7,54600,30530.22
202,2025-07-24,56,23,R2,5,38950,21655.1
203,2025-05-12,78,24,R4,1,4169,3315.03
204,2025-08-09,90,19,R4,4,39056,30469.92
205,2025-12-14,24,21,R1,8,58288,36984.54
206,2025-11-18,90,4,R4,4,27020,20063.72
207,2025-11-19,21,9,R4,8,61256,34015.91
208,2025-07-29,67,22,R2,6,2244,1469.71
209,2025-09-08,14,2,R3,4,11340,8429.91
210,2025-04-13,67,12,R1,8,72512,43894.79
211,2025-09-01,66,1,R3,6,41538,31168.86
212,2025-08-22,27,22,R2,7,60319,45596.91
213,2025-03-04,94,20,R3,1,4336,2706.0
214,2025-07-24,8,1,R1,7,49630,35719.33
215,2025-12-12,46,19,R3,2,7754,4900.09
216,2025-07-25,68,8,R4,8,29384,17466.55
217,2025-02-05,82,7,R4,4,10384,6701.27
218,2025-11-24,53,15,R3,3,23670,15285.65
219,2025-04-28,35,23,R4,5,35905,26328.46
220,2025-09-04,1,26,R3,6,25278,18369.24
221,2025-06-14,62,16,R4,2,12276,7258.1
222,2025-06-05,50,2,R1,6,15000,10399.12
223,2025-06-26,82,19,R1,1,3636,2934.17
224,2025-12-02,38,9,R1,3,12081,7250.16
225,2025-08-20,45,26,R2,4,27176,20755.73
226,2025-03-27,79,29,R1,5,17165,11732.36
227,2025-04-20,68,3,R4,2,18588,10817.73
228,2025-08-03,30,27,R2,8,66224,46386.26
229,2025-09-05,60,29,R2,8,33912,23213.02
230,2025-10-04,77,28,R1,3,16362,11066.43
231,2025-10-16,64,22,R3,8,50744,33743.23
232,2025-12-13,10,6,R3,1,536,383.03
233,2025-12-16,95,30,R3,2,17132,11662.2
234,2025-03-15,5,7,R4,3,17241,9922.29
235,2025-12-04,47,11,R4,4,19420,12962.87
236,2025-08-05,33,18,R1,5,24990,16141.0
237,2025-09-10,52,11,R3,6,21204,15409.6
238,2025-03-02,43,7,R3,5,11450,8110.51
239,2025-11-22,12,26,R1,7,64967,51266.26
240,2025-10-07,74,2,R4,5,9885,5453.33
241,2025-04-08,61,20,R1,7,18263,13135.48
242,2025-12-23,89,20,R1,4,3384,2470.63
243,2025-08-23,81,25,R2,2,6340,4974.91
244,2025-08-04,100,4,R1,6,14832,11307.41
245,2025-10-15,91,9,R3,3,21330,11928.7
246,2025-01-11,56,19,R1,8,75984,52503.54
247,2025-03-02,100,26,R4,7,52598,29883.51
248,2025-12-15,50,20,R2,8,55656,38857.76
249,2025-02-12,83,16,R2,3,1362,906.12
250,2025-01-05,88,22,R1,2,7550,5925.08
251,2025-03-08,61,1,R3,4,30340,22696.16
252,2025-04-06,7,12,R2,2,10004,7200.16
253,2025-12-30,64,15,R3,1,723,399.88
254,2025-01-08,84,22,R1,7,37072,23517.5
255,2025-11-04,22,28,R4,1,5381,3493.58
256,2025-10-22,94,15,R4,3,7722,6261.89
257,2025-03-01,47,21,R2,7,56098,36696.46
258,2025-08-20,35,26,R3,5,23925,13550.46
259,2025-11-30,91,26,R3,1,2675,1905.42
260,2025-06-08,75,14,R2,7,45822,33674.68
261,2025-11-05,99,29,R2,8,38728,28500.31
262,2025-06-14,34,9,R4,3,29433,23504.05
263,2025-01-22,37,27,R2,3,14058,11434.07
264,2025-10-08,88,25,R4,6,53748,30795.84
265,2025-10-11,63,26,R4,4,16136,10223.08
266,2025-01-30,87,13,R4,4,17492,12390.02
267,2025-01-05,50,15,R1,6,7356,4508.3
268,2025-10-24,67,29,R3,6,48048,32992.91
269,2025-04-14,25,7,R2,2,6320,4851.13
270,2025-05-29,47,19,R3,7,60718,47443.63
271,2025-05-07,6,30,R4,6,11628,7562.28
272,2025-08-26,11,5,R3,1,5851,3661.25
273,2025-11-07,3,4,R1,4,37856,25791.49
274,2025-10-18,28,9,R3,7,12537,10099.24
275,2025-10-31,78,5,R3,1,5751,3475.14
276,2025-04-03,49,3,R1,1,770,539.38
277,2025-12-28,59,16,R1,7,15148,11220.45
278,2025-02-16,33,11,R2,2,16996,11151.79
279,2025-08-18,21,12,R2,4,12080,6770.0
280,2025-05-12,46,2,R1,1,4425,3373.27
281,2025-12-30,95,21,R4,1,1855,1092.77
282,2025-01-03,26,22,R3,8,15416,10438.11
283,2025-07-10,33,13,R1,6,48510,31652.99
284,2025-08-14,31,26,R2,1,7866,5849.56
285,2025-04-10,5,6,R2,2,12624,9972.34
286,2025-03-13,100,15,R1,7,3892,2800.92
287,2025-08-20,44,11,R2,8,16752,12054.9
288,2025-03-15,43,8,R1,3,22785,15936.08
289,2025-03-16,57,28,R2,5,35260,23313.24
290,2025-03-21,4,9,R3,6,17694,10977.03
291,2025-02-25,41,15,R4,2,5424,4416.37
292,2025-01-30,81,29,R2,8,39112,22770.27
293,2025-04-14,47,14,R3,4,16404,9454.32
294,2025-05-29,54,29,R2,1,5009,2950.17
295,2025-11-24,3,15,R3,3,22374,12317.32
296,2025-09-27,37,6,R3,7,6048,4815.63
297,2025-04-22,36,19,R2,3,9453,6530.57
298,2025-04-28,92,6,R2,2,3264,2578.94
299,2025-09-11,98,9,R2,4,9780,6996.19
300,2025-12-29,81,26,R2,5,17570,9711.11
301,2025-12-21,94,17,R4,1,8694,6684.6
302,2025-06-21,37,27,R4,2,906,598.48
303,2025-09-02,18,28,R3,4,12992,9120.96
304,2025-07-07,5,6,R3,1,6035,4166.28
305,2025-08-17,67,3,R1,6,25254,19457.31
306,2025-06-14,100,23,R4,1,4976,3909.43
307,2025-09-11,58,17,R1,3,1614,993.83
308,2025-02-15,29,20,R2,3,5646,3580.79
309,2025-10-12,4,1,R1,4,17932,9948.24
310,2025-11-03,82,19,R4,4,29908,17280.05
311,2025-02-18,92,6,R1,5,11080,7484.63
312,2025-10-27,65,25,R3,2,4398,2563.23
313,2025-03-12,70,19,R2,4,10448,7632.99
314,2025-08-25,96,13,R2,1,6569,4843.62
315,2025-11-02,78,17,R1,7,7357,5589.59
316,2025-06-23,52,8,R3,7,66129,50732.99
317,2025-06-14,52,28,R1,6,52056,30691.69
318,2025-12-15,46,8,R4,1,6170,3575.13
319,2025-04-06,9,11,R4,4,33880,24755.03
320,2025-04-26,18,14,R4,8,7728,5938.99
321,2025-01-21,5,28,R3,5,45420,34869.35
322,2025-01-19,80,4,R3,2,17448,9660.79
323,2025-05-02,6,10,R1,5,29470,21360.75
324,2025-03-03,8,20,R3,2,15682,11124.29
325,2025-03-17,57,4,R2,5,34300,24211.79
326,2025-05-21,32,24,R1,5,38200,27301.05
327,2025-10-19,29,21,R4,4,36748,27259.56
328,2025-08-24,71,10,R4,8,42296,23616.39
329,2025-06-20,29,7,R4,7,2758,2205.11
330,2025-03-25,31,11,R3,8,36976,23180.31
331,2025-04-21,38,2,R1,3,27687,15727.2
332,2025-06-28,57,22,R1,7,51849,33474.26
333,2025-02-25,67,8,R2,7,40047,29251.35
334,2025-03-13,87,7,R3,2,15972,9943.28
335,2025-11-19,91,21,R2,7,13251,7303.52
336,2025-10-09,75,4,R4,7,66990,39550.96
337,2025-05-24,80,20,R1,7,53270,39260.72
338,2025-05-28,93,12,R3,6,39600,27405.29
339,2025-11-01,50,21,R3,1,8384,5472.92
340,2025-06-03,24,18,R3,3,22011,15525.83
341,2025-10-25,30,3,R3,6,25050,20262.1
342,2025-04-15,55,29,R1,1,977,605.02
343,2025-09-12,39,30,R3,7,60739,46947.15
344,2025-12-17,56,13,R4,6,5202,3696.41
345,2025-06-29,58,1,R1,4,7284,4811.59
346,2025-09-14,52,21,R2,4,28404,19354.84
347,2025-08-14,99,20,R3,2,5994,3883.71
348,2025-07-07,10,27,R3,3,6030,4384.41
349,2025-05-31,89,11,R4,3,26358,16560.21
350,2025-09-19,27,17,R2,7,22316,12636.34
351,2025-10-17,78,4,R3,1,6940,3837.11
352,2025-01-02,40,23,R1,5,33565,26092.85
353,2025-10-28,2,22,R1,4,12280,8404.71
354,2025-10-11,73,9,R2,4,27740,19763.93
355,2025-03-16,21,17,R1,1,1840,1049.82
356,2025-09-25,63,27,R4,7,8519,6180.77
357,2025-12-17,99,19,R3,3,12309,7945.93
358,2025-03-28,5,9,R1,2,11832,7119.86
359,2025-11-16,50,1,R1,4,26748,18919.36
360,2025-01-23,57,2,R2,4,15404,8655.11
361,2025-10-28,23,11,R1,8,41400,27446.61
362,2025-05-10,64,3,R2,7,68467,41749.64
363,2025-06-08,52,29,R4,1,4187,2401.73
364,2025-03-29,46,13,R2,1,4962,3259.67
365,2025-07-05,15,11,R4,6,40830,29636.3
366,2025-03-05,55,27,R3,4,26184,15752.89
367,2025-05-26,45,8,R4,1,4773,3481.21
368,2025-06-24,20,8,R2,2,6832,4255.04
369,2025-03-07,72,15,R4,4,11232,7293.36
370,2025-04-21,93,13,R4,4,20280,16360.96
371,2025-09-16,27,8,R4,3,13416,9537.53
372,2025-08-14,76,12,R2,7,59913,36390.34
373,2025-03-04,87,17,R1,5,32520,18138.15
374,2025-10-18,19,10,R1,7,11263,8307.13
375,2025-04-29,42,7,R1,2,18814,14989.86
376,2025-09-14,98,10,R2,2,10598,6080.54
377,2025-05-28,17,27,R4,5,30155,19869.49
378,2025-08-26,100,21,R2,5,15450,8620.87
379,2025-12-14,85,23,R3,7,4291,3123.62
380,2025-12-25,60,8,R4,6,10800,6469.71
381,2025-02-28,35,30,R2,1,6829,3829.7
382,2025-03-24,56,7,R3,3,19314,14472.89
383,2025-10-10,40,21,R2,4,38164,26120.62
384,2025-09-24,33,30,R4,6,1290,748.47
385,2025-12-02,37,29,R1,1,4205,3086.0
386,2025-01-20,41,7,R3,2,14070,10377.51
387,2025-07-21,96,20,R2,5,44195,25380.4
388,2025-08-06,57,30,R3,8,68264,38546.03
389,2025-12-24,27,14,R2,8,26408,14835.93
390,2025-12-26,72,9,R2,3,12198,8500.32
391,2025-05-08,8,6,R3,6,41664,23956.2
392,2025-11-22,40,5,R2,8,64872,39846.04
393,2025-05-04,1,17,R4,3,17874,13199.47
394,2025-03-10,91,5,R2,6,12792,8929.2
395,2025-03-28,87,22,R2,8,54824,42456.59
396,2025-02-28,89,10,R1,6,49032,29700.49
397,2025-01-31,36,10,R2,2,10522,7059.89
398,2025-02-27,21,11,R4,8,76200,49377.87
399,2025-03-28,72,3,R1,1,7876,6441.58
400,2025-09-06,11,24,R3,5,9910,7176.61
401,2025-08-11,63,7,R3,1,6086,4858.33
402,2025-11-26,37,21,R3,4,5920,3477.62
403,2025-01-15,4,25,R4,3,15162,9845.14
404,2025-11-23,68,28,R2,2,10568,7930.52
405,2025-06-17,49,6,R3,6,23832,15478.93
406,2025-10-10,48,27,R3,4,4580,2570.01
407,2025-10-18,81,30,R4,1,3746,2560.33
408,2025-09-13,94,6,R3,2,5048,3714.09
409,2025-03-25,18,15,R4,2,1708,1331.69
410,2025-09-03,25,7,R3,1,724,562.56
411,2025-09-19,55,5,R3,2,2212,1523.95
412,2025-08-04,44,3,R4,1,3088,2452.12
413,2025-03-26,49,10,R1,8,75440,55246.27
414,2025-10-18,26,16,R1,6,51996,35062.37
415,2025-10-01,81,28,R2,7,10738,8257.63
416,2025-01-31,93,22,R3,5,47285,33298.28
417,2025-07-08,62,22,R2,5,29130,20193.18
418,2025-11-21,4,28,R2,4,30116,22185.46
419,2025-03-17,85,19,R3,7,42686,29585.42
420,2025-10-17,57,13,R3,2,7846,4697.68
421,2025-04-14,71,24,R1,4,17412,12630.87
422,2025-04-07,68,22,R3,8,31352,21933.41
423,2025-04-26,70,19,R1,2,13770,10099.79
424,2025-08-14,18,28,R1,2,15472,11977.76
425,2025-07-20,70,6,R2,8,13800,8099.73
426,2025-11-13,8,13,R2,1,6300,3536.0
427,2025-12-26,77,7,R4,5,10870,8054.73
428,2025-08-07,12,20,R2,2,12020,7156.24
429,2025-06-24,98,24,R1,5,11050,6791.45
430,2025-09-20,95,17,R3,8,7296,5621.33
431,2025-06-30,13,12,R3,2,1518,1214.17
432,2025-12-12,32,9,R3,4,30076,16714.63
433,2025-10-25,57,4,R1,8,16072,9159.65
434,2025-05-13,24,5,R3,7,17941,12717.39
435,2025-05-09,69,23,R3,8,3408,1897.18
436,2025-03-19,63,17,R4,1,780,444.71
437,2025-11-14,83,22,R4,8,22344,16469.5
438,2025-08-18,51,8,R1,6,33564,23247.44
439,2025-06-09,17,19,R1,4,11920,9192.45
440,2025-08-28,43,19,R4,7,41958,26638.17
441,2025-06-21,75,16,R3,4,2144,1323.19
442,2025-11-08,6,21,R2,3,14001,9153.8
443,2025-02-02,65,9,R3,3,2274,1812.53
444,2025-02-18,26,25,R4,2,12290,9387.27
445,2025-05-02,19,22,R1,5,28975,21721.79
446,2025-09-18,82,8,R3,7,39753,22512.97
447,2025-06-22,86,11,R4,6,25128,19310.59
448,2025-06-28,20,5,R2,1,7624,5026.85
449,2025-07-22,73,25,R3,3,29442,16720.34
450,2025-06-04,93,10,R3,6,8424,6728.51
451,2025-10-26,11,19,R2,5,48550,31336.22
452,2025-08-28,46,25,R4,2,16276,10354.78
453,2025-03-31,36,29,R3,1,2896,2082.63
454,2025-05-02,91,1,R2,1,6746,4526.15
455,2025-11-05,37,28,R1,4,16640,12449.22
456,2025-03-08,77,2,R1,2,19256,12364.53
457,2025-03-11,1,7,R3,1,5490,4387.5
458,2025-04-19,42,11,R1,8,54720,39105.23
459,2025-06-22,23,2,R4,1,1628,1170.7
460,2025-06-21,100,16,R4,5,38955,30610.64
461,2025-01-14,41,19,R3,1,7001,5011.11
462,2025-06-18,21,3,R1,3,10944,6440.74
463,2025-02-16,46,27,R3,7,40859,28414.92
464,2025-10-29,72,5,R3,4,17696,13619.42
465,2025-09-02,98,2,R3,8,74904,46824.81
466,2025-09-25,68,9,R2,5,1740,1219.21
467,2025-02-21,84,26,R3,3,11814,7776.3
468,2025-02-16,4,20,R2,2,2370,1651.14
469,2025-04-15,72,25,R2,5,30950,23186.23
470,2025-04-01,95,28,R2,1,5947,4520.25
471,2025-05-05,57,28,R4,4,23356,18527.8
472,2025-07-19,59,7,R3,1,1966,1431.66
473,2025-01-08,9,26,R4,6,7092,4337.41
474,2025-07-12,53,30,R4,4,2812,1737.87
475,2025-05-15,91,14,R2,4,24016,14526.45
476,2025-08-06,83,9,R3,8,29984,24435.85
477,2025-03-22,62,28,R3,3,15348,9612.34
478,2025-06-19,1,16,R2,3,16317,11982.37
479,2025-11-02,58,7,R1,4,24416,13733.29
480,2025-08-13,24,14,R2,5,3000,2302.07
481,2025-03-19,2,5,R3,3,25305,18946.47
482,2025-02-19,97,6,R4,7,11746,7773.91
483,2025-11-25,86,23,R4,6,4434,3139.38
484,2025-04-14,81,23,R1,1,2409,1653.27
485,2025-04-29,74,14,R1,1,991,810.15
486,2025-06-12,9,29,R1,2,16368,13291.78
487,2025-09-27,55,1,R2,4,36216,21365.36
488,2025-10-07,65,4,R3,8,11728,7556.93
489,2025-04-21,29,24,R1,5,15515,8596.95
490,2025-05-18,9,2,R2,1,6886,5255.19
491,2025-07-05,35,1,R3,1,7634,5319.92
492,2025-10-08,43,23,R4,5,33705,22377.75
493,2025-10-04,54,13,R2,7,45598,35933.66
494,2025-03-15,82,1,R2,5,31880,26064.24
495,2025-04-12,85,4,R1,1,1011,666.83
496,2025-10-13,42,22,R4,6,45972,37344.69
497,2025-01-01,61,24,R4,6,59424,41446.37
498,2025-07-14,31,27,R4,6,7500,4921.89
499,2025-09-27,35,20,R3,2,18194,13269.71
500,2025-11-10,98,9,R3,8,47176,32596.34
501,2025-09-02,74,8,R2,2,17726,11491.87
502,2025-04-15,68,6,R3,4,12092,7148.35
503,2025-12-05,59,6,R1,6,38676,25049.52
504,2025-08-08,16,14,R2,5,31730,18332.22
505,2025-07-02,85,26,R3,8,13128,8195.2
506,2025-05-29,58,23,R1,8,64296,48047.33
507,2025-03-31,98,17,R2,1,2338,1517.53
508,2025-09-24,85,8,R3,6,38664,23904.94
509,2025-10-12,26,1,R3,1,9876,5907.59
510,2025-10-06,36,30,R3,5,20810,12936.73
511,2025-08-13,12,17,R4,2,7008,4097.17
512,2025-05-29,80,25,R3,1,7450,4853.27
513,2025-01-22,92,25,R3,7,50820,36845.02
514,2025-05-12,46,8,R4,3,10017,8153.6
515,2025-12-31,75,12,R1,4,22388,17512.97
516,2025-02-10,97,15,R4,7,61698,40842.37
517,2025-11-26,97,26,R1,2,19824,13919.27
518,2025-08-25,90,27,R4,7,55713,33293.11
519,2025-02-03,57,13,R4,3,25755,19400.11
520,2025-01-05,86,8,R2,7,63518,35630.98
521,2025-12-15,38,18,R3,7,54138,31502.48
522,2025-04-24,10,19,R1,2,16682,9572.59
523,2025-04-21,73,15,R1,4,22792,15506.62
524,2025-01-29,71,23,R4,3,20601,15874.09
525,2025-11-17,19,11,R3,4,34760,28336.42
526,2025-04-06,69,9,R3,2,10656,6964.82
527,2025-12-06,39,18,R4,7,7266,4598.28
528,2025-05-08,49,26,R4,5,25980,15706.0
529,2025-01-27,27,18,R3,8,65688,48718.56
530,2025-03-14,47,30,R3,4,30712,24515.31
531,2025-10-12,85,2,R3,1,8933,5076.3
532,2025-10-17,42,2,R3,4,29576,18594.85
533,2025-12-30,27,26,R4,7,52416,31713.89
534,2025-04-15,8,6,R4,2,2004,1176.33
535,2025-02-06,77,16,R2,1,9392,7035.02
536,2025-03-26,64,8,R3,4,35824,27811.67
537,2025-03-16,100,30,R2,2,15658,9014.52
538,2025-02-16,7,14,R2,5,37240,27378.72
539,2025-03-21,8,30,R2,1,2823,2189.95
540,2025-05-31,98,8,R3,3,15813,12590.53
541,2025-06-16,71,27,R2,3,11943,7831.09
542,2025-01-17,42,13,R2,5,19295,14023.68
543,2025-12-22,12,7,R4,3,9639,6420.17
544,2025-12-14,52,4,R1,6,13200,9603.31
545,2025-04-18,84,17,R1,5,41130,26485.5
546,2025-09-12,12,7,R4,5,25815,18364.79
547,2025-10-04,97,3,R2,3,23721,14783.33
548,2025-04-27,75,30,R3,1,9704,6906.09
549,2025-01-01,45,7,R2,5,5100,3041.82
550,2025-06-29,58,16,R2,6,36984,22127.21
551,2025-06-02,9,24,R4,2,18472,10722.95
552,2025-03-24,77,13,R4,1,752,421.64
553,2025-10-24,13,14,R2,7,67683,52524.81
554,2025-02-09,48,24,R2,6,17880,13033.47
555,2025-02-16,43,1,R4,5,13205,8194.31
556,2025-02-24,31,4,R2,8,37048,25737.85
557,2025-03-02,42,15,R2,3,28536,19820.43
558,2025-09-17,33,12,R2,5,34070,23846.57
559,2025-03-07,31,24,R2,2,894,517.23
560,2025-01-28,63,26,R2,4,6504,4894.33
561,2025-03-20,34,1,R4,7,60816,35248.67
562,2025-10-19,16,3,R2,4,16760,11911.82
563,2025-09-20,91,27,R1,4,5584,3974.57
564,2025-02-20,6,7,R2,5,29020,16619.2
565,2025-08-25,76,30,R2,1,5401,4341.77
566,2025-07-30,53,2,R1,4,10500,7855.19
567,2025-12-14,22,5,R3,3,10614,6405.7
568,2025-04-23,88,11,R1,1,8059,4514.55
569,2025-09-27,100,11,R1,2,6922,5426.79
570,2025-01-26,47,26,R4,2,11842,8376.44
571,2025-09-10,87,25,R4,3,13344,10323.93
572,2025-06-05,7,24,R4,3,21996,14389.18
573,2025-11-24,66,10,R1,2,8656,6515.31
574,2025-04-29,31,7,R4,4,33084,23332.53
575,2025-12-17,91,2,R4,7,40691,31452.42
576,2025-07-27,12,8,R3,7,36351,20037.17
577,2025-09-08,78,1,R1,8,56472,37323.35
578,2025-06-03,59,5,R3,4,6244,4030.52
579,2025-08-27,80,2,R3,6,9846,8053.68
580,2025-04-06,90,29,R4,7,63119,48470.69
581,2025-03-03,28,22,R1,7,22512,14750.11
582,2025-06-20,20,12,R2,4,23836,18836.66
583,2025-11-09,51,10,R4,6,51012,38947.71
584,2025-11-07,25,28,R2,7,61859,34173.74
585,2025-03-31,14,8,R4,5,29860,21875.0
586,2025-10-10,95,28,R4,3,13050,9525.24
587,2025-02-08,66,20,R3,8,36504,29517.79
588,2025-07-05,40,22,R4,1,8361,5712.25
589,2025-12-21,3,2,R1,7,52745,33440.85
590,2025-09-20,20,24,R4,1,5528,3760.52
591,2025-01-04,35,5,R2,1,6626,3954.84
592,2025-10-29,83,9,R2,5,45585,25389.35
593,2025-10-08,53,21,R1,7,57939,46931.52
594,2025-12-30,47,23,R3,6,17112,13262.56
595,2025-09-11,7,26,R3,3,10467,7215.09
596,2025-02-01,21,10,R2,5,5380,3812.07
597,2025-07-16,100,12,R2,5,26345,20829.29
598,2025-09-01,26,20,R3,8,54432,31531.13
599,2025-05-14,47,13,R3,7,55594,34582.2
600,2025-04-15,80,15,R4,3,16068,9028.06
601,2025-05-23,97,18,R4,7,10164,6345.95
602,2025-07-05,92,30,R4,5,10920,6771.78
603,2025-01-07,6,18,R3,6,36570,22735.24
604,2025-05-05,9,29,R1,7,14161,11344.51
605,2025-03-26,83,6,R1,7,46641,36251.07
606,2025-06-24,52,13,R4,6,35574,27874.18
607,2025-12-31,19,18,R4,5,11940,7253.84
608,2025-12-16,9,30,R4,2,16852,9282.74
609,2025-10-21,86,8,R4,7,25935,18281.71
610,2025-05-21,87,26,R2,3,11520,8424.79
611,2025-05-03,65,4,R3,1,6441,5070.61
612,2025-03-09,83,23,R4,5,6510,4936.61
613,2025-11-06,66,9,R2,4,21064,12118.89
614,2025-12-13,73,29,R1,6,3492,2580.06
615,2025-02-06,16,27,R3,4,1024,689.76
616,2025-03-13,58,9,R1,8,78960,55258.27
617,2025-01-17,6,18,R4,2,16250,9922.37
618,2025-11-19,44,11,R2,4,37276,28487.68
619,2025-04-17,37,27,R1,4,12140,6770.0
620,2025-09-16,35,14,R3,2,9368,6985.0
621,2025-10-27,15,13,R4,7,27349,19965.1
622,2025-01-29,48,18,R3,5,6845,4950.85
623,2025-10-22,18,14,R4,8,26600,17083.94
624,2025-04-08,15,13,R2,5,16905,9646.7
625,2025-09-22,3,15,R2,4,18204,11000.98
626,2025-12-26,38,24,R1,1,1227,792.1
627,2025-08-02,2,27,R3,6,17286,12146.04
628,2025-06-11,46,10,R1,1,3070,2261.54
629,2025-08-04,4,26,R4,2,11636,6735.02
630,2025-03-20,47,25,R4,8,12440,9904.29
631,2025-06-13,61,29,R2,2,17710,12434.59
632,2025-09-18,50,7,R3,5,2735,2196.56
633,2025-04-09,91,9,R4,7,19859,15275.64
634,2025-08-12,18,5,R1,2,7412,5533.27
635,2025-09-30,49,1,R1,2,15594,11862.35
636,2025-04-15,74,18,R1,6,34470,24771.41
637,2025-08-25,63,25,R2,1,4188,2534.58
638,2025-07-01,49,29,R1,2,19772,15559.62
639,2025-04-13,57,15,R4,2,19082,14227.71
640,2025-01-28,61,6,R4,4,31572,23263.79
641,2025-08-30,78,5,R1,8,51624,29267.72
642,2025-05-03,30,1,R4,4,3308,2036.1
643,2025-04-13,1,2,R4,1,6786,4172.86
644,2025-04-23,100,22,R1,7,31556,17707.88
645,2025-08-28,3,16,R1,2,6524,3840.54
646,2025-09-28,21,20,R3,2,17104,13041.41
647,2025-07-15,1,3,R1,2,16864,11832.43
648,2025-11-10,77,26,R1,1,9136,6542.04
649,2025-08-23,51,22,R1,4,2376,1427.0
650,2025-09-17,59,7,R1,4,28916,23580.78
651,2025-11-10,12,18,R3,2,3278,2449.15
652,2025-02-21,12,12,R3,5,26330,19901.62
653,2025-03-17,64,20,R3,4,1252,715.26
654,2025-01-23,15,22,R2,7,53648,43755.69
655,2025-11-09,74,21,R2,2,1106,858.3
656,2025-01-16,86,22,R2,7,7686,4600.45
657,2025-05-31,57,9,R2,5,25615,19941.26
658,2025-01-15,42,13,R1,3,22368,13286.42
659,2025-12-01,84,30,R4,6,28152,21591.98
660,2025-01-07,53,18,R1,6,23886,16645.5
661,2025-07-02,43,1,R2,6,8994,6238.64
662,2025-02-23,5,27,R3,7,40040,25990.92
663,2025-10-03,16,15,R2,4,35592,20088.8
664,2025-12-06,69,8,R4,2,7358,4480.11
665,2025-01-07,92,9,R4,2,6176,4414.99
666,2025-11-11,88,6,R3,7,29897,19201.91
667,2025-01-15,12,23,R2,5,49425,29078.99
668,2025-02-05,77,3,R4,5,7380,4186.41
669,2025-02-04,69,1,R1,6,8520,5013.19
670,2025-02-27,93,16,R3,8,24912,19754.52
671,2025-05-11,39,13,R4,3,22467,18358.06
672,2025-02-18,59,11,R3,4,2808,1838.55
673,2025-04-26,14,28,R2,6,34182,21362.56
674,2025-01-06,25,3,R1,3,29451,18678.77
675,2025-05-15,24,2,R2,8,14320,11111.67
676,2025-01-30,50,9,R1,4,4864,2760.3
677,2025-01-08,35,28,R2,6,36942,25726.0
678,2025-04-01,18,12,R3,6,37200,22129.62
679,2025-12-06,15,28,R2,3,14622,11045.68
680,2025-01-16,29,21,R2,4,25976,20270.29
681,2025-05-04,83,29,R4,5,1615,910.3
682,2025-12-06,49,27,R3,4,19268,10750.31
683,2025-08-13,63,4,R1,8,74384,55201.19
684,2025-02-17,52,4,R4,8,24376,19394.97
685,2025-08-07,57,2,R1,4,5248,3263.44
686,2025-08-16,61,8,R3,1,1371,942.58
687,2025-09-05,96,7,R4,2,2362,1900.93
688,2025-09-26,8,8,R2,6,22074,12745.64
689,2025-09-02,34,15,R4,3,4257,3268.6
690,2025-11-20,41,4,R2,5,30590,17387.34
691,2025-12-27,61,16,R3,3,25644,14179.53
692,2025-12-01,66,29,R1,8,5816,4042.26
693,2025-04-30,99,16,R2,6,15456,10117.29
694,2025-06-14,95,2,R3,3,11751,6512.72
695,2025-08-23,93,3,R4,4,3152,1976.29
696,2025-03-13,25,10,R3,4,5140,3384.88
697,2025-12-14,22,1,R3,8,32152,18255.02
698,2025-07-11,66,28,R4,4,14980,9017.19
699,2025-08-29,26,10,R4,5,19535,15886.5
700,2025-06-14,5,14,R2,6,41802,30538.05
701,2025-01-12,73,12,R2,4,808,478.17
702,2025-05-13,78,15,R4,7,17185,10663.12
703,2025-10-15,16,9,R4,3,7335,6011.68
704,2025-03-11,75,11,R1,3,12114,8045.73
705,2025-02-11,75,27,R4,7,30436,24040.21
706,2025-12-05,29,28,R2,5,34400,19800.9
707,2025-08-12,14,1,R3,2,9868,7434.9
708,2025-03-31,18,14,R1,7,35833,27516.26
709,2025-12-01,91,17,R1,8,33544,22973.96
710,2025-09-29,76,22,R3,4,29372,16757.49
711,2025-05-10,74,13,R2,5,20375,13472.99
712,2025-09-26,33,22,R1,1,7928,4814.91
713,2025-06-17,2,15,R4,6,18918,12782.63
714,2025-06-16,30,14,R1,4,36356,24011.75
715,2025-03-10,96,8,R3,6,38562,28115.59
716,2025-07-06,17,8,R2,5,10260,5741.81
717,2025-03-11,52,20,R4,2,15786,11164.42
718,2025-06-20,74,18,R3,6,44178,28049.21
719,2025-09-04,89,1,R2,7,43799,25474.74
720,2025-11-19,99,10,R2,4,39608,32118.4
721,2025-04-11,48,25,R3,5,14385,11102.7
722,2025-11-04,59,28,R1,4,1780,1265.2
723,2025-07-31,93,18,R3,1,1347,1031.22
724,2025-03-30,11,23,R2,1,3044,1863.21
725,2025-05-16,92,26,R2,1,592,343.86
726,2025-02-15,26,5,R4,6,8406,5808.78
727,2025-06-13,38,14,R4,5,28280,15973.81
728,2025-02-12,34,6,R3,2,2476,1778.99
729,2025-12-23,34,5,R3,6,50520,34494.23
730,2025-04-07,78,30,R1,3,21381,13983.46
731,2025-01-09,30,10,R1,8,13944,7916.32
732,2025-03-19,25,26,R4,8,31904,22909.02
733,2025-12-06,61,19,R4,3,1245,749.53
734,2025-10-26,28,4,R4,4,17740,12158.14
735,2025-09-25,69,11,R1,1,3948,2943.54
736,2025-04-24,66,10,R2,8,26808,21271.95
737,2025-04-15,40,22,R3,3,8331,4721.56
738,2025-08-26,99,11,R3,7,37576,25971.99
739,2025-06-06,8,25,R3,2,10016,5641.52
740,2025-09-21,31,5,R2,4,31060,17336.49
741,2025-06-14,16,26,R3,8,70968,44987.16
742,2025-02-08,14,22,R1,7,51548,35081.12
743,2025-05-10,86,17,R2,8,43312,33788.5
744,2025-12-31,54,25,R3,8,42840,30718.9
745,2025-02-23,99,15,R1,5,11895,6662.29
746,2025-10-13,17,3,R4,1,5114,3720.74
747,2025-12-05,99,11,R4,2,5144,3376.23
748,2025-02-18,92,24,R1,1,4919,3913.8
749,2025-12-10,18,17,R1,2,10754,6390.84
750,2025-09-30,78,27,R4,3,12378,7388.36
751,2025-08-07,91,11,R3,2,8356,5629.29
752,2025-10-10,15,3,R3,7,55615,33988.97
753,2025-04-05,78,26,R3,8,53136,39497.59
754,2025-03-08,96,7,R4,2,17210,11040.04
755,2025-05-07,4,9,R4,3,16389,10400.94
756,2025-06-24,88,7,R4,1,201,157.39
757,2025-10-22,45,1,R3,1,814,656.93
758,2025-06-17,30,28,R3,5,30965,19552.03
759,2025-11-13,46,13,R4,5,10030,8069.58
760,2025-01-07,87,14,R2,1,3008,2267.45
761,2025-06-07,33,17,R3,7,51513,40011.16
762,2025-03-10,31,18,R3,1,5857,4638.1
763,2025-03-30,41,29,R2,1,9174,7471.11
764,2025-06-23,61,26,R4,4,23108,14961.13
765,2025-02-02,13,4,R3,1,618,377.79
766,2025-02-06,79,3,R4,1,3451,2699.28
767,2025-11-24,52,10,R4,7,36939,26685.87
768,2025-10-23,61,11,R3,5,29855,21041.28
769,2025-02-24,77,19,R1,8,60072,39793.6
770,2025-12-07,30,7,R2,6,54552,35354.36
771,2025-12-04,90,28,R1,1,7761,5506.7
772,2025-08-10,4,23,R2,7,11984,7185.95
773,2025-05-29,66,26,R3,2,7684,5873.3
774,2025-11-06,8,8,R3,7,19488,12720.98
775,2025-12-30,10,30,R4,4,22244,14046.56
776,2025-06-18,66,24,R2,8,73272,55180.31
777,2025-01-06,86,28,R2,7,65751,52140.91
778,2025-03-26,24,1,R1,6,6450,5156.62
779,2025-04-17,65,1,R2,8,21840,15314.0
780,2025-03-15,20,21,R4,1,7144,4192.01
781,2025-12-19,34,20,R3,4,28340,17243.11
782,2025-11-18,60,2,R1,1,5773,4583.03
783,2025-03-26,96,26,R2,5,20010,13796.97
784,2025-03-31,30,20,R2,4,39172,29175.86
785,2025-02-26,96,15,R2,5,35765,28603.99
786,2025-01-27,63,1,R4,2,2680,2123.56
787,2025-10-14,87,14,R2,6,46416,27679.31
788,2025-04-21,70,11,R4,4,13832,8457.89
789,2025-07-29,46,20,R4,5,26395,15671.25
790,2025-04-22,58,3,R2,4,39448,25059.87
791,2025-09-16,38,6,R4,8,59248,44883.26
792,2025-10-31,63,16,R3,8,69560,41975.84
793,2025-10-31,66,5,R2,4,5600,3611.89
794,2025-07-16,9,13,R1,6,42990,27539.59
795,2025-12-27,89,27,R4,3,23469,18384.96
796,2025-10-21,71,1,R1,8,48056,33033.9
797,2025-12-31,87,13,R4,5,13815,9665.52
798,2025-12-06,96,24,R1,3,18582,13620.98
799,2025-07-24,42,19,R2,6,16572,11572.81
800,2025-07-26,84,6,R3,2,4854,3845.98
801,2025-01-14,79,11,R4,8,66568,41549.32
802,2025-09-24,3,12,R3,8,16832,10769.24
803,2025-07-18,79,20,R3,1,6270,4802.85
804,2025-02-04,47,26,R1,5,28225,17718.06
805,2025-09-11,21,23,R4,1,1440,867.1
806,2025-01-31,95,26,R2,3,15891,9718.24
807,2025-01-30,56,9,R1,2,5114,3573.36
808,2025-02-15,99,30,R2,7,23527,13193.09
809,2025-09-12,94,13,R4,2,6280,4466.26
810,2025-06-04,5,3,R1,3,6705,3758.38
811,2025-06-17,91,23,R2,2,15582,9251.78
812,2025-04-03,26,20,R3,4,24432,14235.06
813,2025-08-11,42,13,R4,5,37545,23008.11
814,2025-01-13,87,23,R2,3,9441,7468.41
815,2025-06-29,81,24,R1,8,71096,51046.61
816,2025-01-18,57,18,R1,8,59136,46597.47
817,2025-11-04,82,11,R4,3,2964,2362.32
818,2025-10-15,67,5,R4,3,19440,11514.09
819,2025-11-27,1,17,R1,6,41904,31030.06
820,2025-04-07,73,13,R4,6,48342,39059.63
821,2025-11-11,21,11,R4,4,18424,15075.4
822,2025-04-19,86,26,R1,6,32484,23501.26
823,2025-10-14,34,26,R3,3,28794,22504.56
824,2025-09-08,36,28,R1,8,7680,4533.14
825,2025-02-12,74,14,R3,7,1897,1088.05
826,2025-03-10,14,13,R3,2,14666,9815.74
827,2025-05-12,11,24,R4,6,10788,6037.34
828,2025-06-03,28,3,R3,5,31350,18983.59
829,2025-09-18,65,17,R4,5,38370,27765.65
830,2025-06-12,52,22,R4,2,1918,1442.83
831,2025-03-16,87,10,R1,3,17880,12908.5
832,2025-07-12,32,9,R1,8,64240,35775.46
833,2025-02-11,5,7,R4,8,12144,9069.96
834,2025-06-25,78,6,R2,2,6492,5040.07
835,2025-05-14,44,6,R2,4,31856,24896.77
836,2025-04-25,33,9,R1,4,11356,9025.04
837,2025-11-10,39,25,R1,7,62517,44927.97
838,2025-08-16,28,4,R4,8,42592,31268.44
839,2025-07-16,30,21,R4,8,71064,57543.31
840,2025-05-13,21,17,R1,6,41022,32413.47
841,2025-03-12,61,16,R4,5,47135,30603.26
842,2025-10-11,64,25,R3,3,17448,13770.68
843,2025-07-08,49,4,R2,8,77920,48801.71
844,2025-06-19,50,19,R2,6,4014,2552.17
845,2025-08-23,16,10,R4,6,56544,42976.43
846,2025-12-17,90,12,R4,4,36400,29436.54
847,2025-12-07,86,6,R3,4,13276,8378.16
848,2025-12-30,32,23,R1,7,2527,1532.88
849,2025-02-06,27,17,R1,4,8032,5901.46
850,2025-02-21,25,22,R1,5,5030,4090.54
851,2025-02-14,36,11,R1,7,41538,32968.01
852,2025-10-29,69,27,R2,1,9589,5798.82
853,2025-04-02,29,4,R2,2,9162,6487.41
854,2025-09-21,42,22,R4,7,4480,2545.38
855,2025-12-24,55,4,R3,3,21627,14021.68
856,2025-12-05,3,1,R1,7,62335,45281.89
857,2025-03-24,48,24,R3,3,18243,14560.84
858,2025-07-09,33,18,R2,3,8373,4948.03
859,2025-02-26,76,26,R1,3,15801,10835.64
860,2025-10-22,13,18,R4,7,54537,37999.67
861,2025-01-08,94,2,R2,7,17507,10747.97
862,2025-01-03,31,29,R3,4,6864,5322.38
863,2025-10-29,50,14,R3,8,7048,4299.47
864,2025-12-10,7,15,R2,1,3164,1909.53
865,2025-05-14,11,25,R3,2,11502,8341.07
866,2025-08-05,97,10,R1,8,33624,24722.14
867,2025-03-30,40,14,R3,2,17226,11468.85
868,2025-03-26,76,2,R4,2,5530,4263.96
869,2025-01-30,37,17,R1,6,5892,3403.6
870,2025-04-08,66,13,R2,4,14528,9690.05
871,2025-12-05,59,3,R2,8,2064,1526.2
872,2025-12-05,51,4,R2,7,11466,7966.18
873,2025-05-28,47,11,R2,5,28045,17110.24
874,2025-07-25,54,23,R4,2,5502,3152.12
875,2025-01-30,70,7,R3,2,12930,8865.08
876,2025-09-08,33,7,R1,8,75352,57898.11
877,2025-05-30,9,30,R4,3,7545,4286.47
878,2025-08-12,17,22,R1,3,29016,23675.65
879,2025-01-24,92,26,R1,2,10952,6733.36
880,2025-04-24,75,24,R3,6,17964,13253.45
881,2025-07-07,53,23,R3,3,22116,14778.88
882,2025-01-02,17,3,R4,4,10980,7992.76
883,2025-05-14,92,4,R1,7,11942,8733.24
884,2025-01-02,20,2,R3,2,10428,8540.69
885,2025-06-12,96,26,R4,4,21192,14623.74
886,2025-09-05,94,11,R2,6,36066,24807.43
887,2025-10-29,29,20,R3,3,25365,14104.03
888,2025-08-09,86,20,R2,1,8913,5607.63
889,2025-03-02,99,21,R4,6,52056,35325.97
890,2025-12-27,66,18,R4,5,25005,16466.98
891,2025-12-29,5,27,R3,8,43624,32604.6
892,2025-04-20,94,15,R3,5,38270,24762.78
893,2025-07-04,94,21,R2,4,29120,21162.66
894,2025-12-13,33,21,R3,1,4669,3259.3
895,2025-06-24,47,14,R1,7,61579,48665.43
896,2025-06-06,30,11,R3,8,15824,11777.89
897,2025-04-06,63,4,R3,4,18484,14639.55
898,2025-01-23,92,5,R3,7,51772,32508.4
899,2025-03-21,41,5,R2,3,17910,11209.0
900,2025-12-12,32,11,R1,3,3249,2161.72
901,2025-04-09,20,25,R3,2,4048,3213.11
902,2025-08-14,66,13,R3,1,6621,4338.84
903,2025-07-14,2,24,R3,2,10920,6987.68
904,2025-12-14,5,20,R2,4,2132,1506.13
905,2025-10-21,79,8,R3,2,6958,5157.26
906,2025-05-04,30,16,R3,2,1592,1121.31
907,2025-09-22,83,28,R1,8,17632,10827.62
908,2025-08-14,40,14,R3,1,3939,2289.82
909,2025-07-24,31,21,R4,4,22656,16053.04
910,2025-07-13,82,2,R3,5,39450,29964.88
911,2025-09-03,60,1,R1,7,54376,33251.7
912,2025-11-16,23,25,R4,7,19726,15108.23
913,2025-02-23,34,25,R4,2,10578,7136.99
914,2025-04-19,89,1,R1,2,3380,2026.76
915,2025-01-03,56,14,R4,5,29495,20332.33
916,2025-03-28,13,17,R4,2,12582,7906.11
917,2025-10-05,27,8,R4,6,34176,24351.45
918,2025-10-14,73,9,R3,2,12502,9722.89
919,2025-07-07,85,18,R3,3,16743,12255.52
920,2025-02-28,44,6,R4,1,6112,3728.37
921,2025-01-02,21,22,R2,8,48872,32235.58
922,2025-04-30,23,26,R4,3,19029,14653.64
923,2025-01-30,4,13,R2,6,40662,29782.42
924,2025-09-12,70,16,R2,3,3915,2835.3
925,2025-12-22,24,9,R2,3,25644,20125.59
926,2025-05-29,71,18,R2,8,16184,9490.03
927,2025-06-08,39,22,R2,4,29800,22368.05
928,2025-06-13,73,5,R3,8,60376,42169.9
929,2025-03-26,8,21,R1,2,1486,1054.8
930,2025-12-19,66,24,R2,5,6750,4035.44
931,2025-09-24,3,1,R2,8,12992,10057.79
932,2025-12-19,59,18,R2,3,10578,6714.79
933,2025-11-21,44,20,R1,3,17142,11153.18
934,2025-02-06,3,20,R1,1,2816,2081.96
935,2025-12-10,36,10,R1,4,29648,21132.7
936,2025-05-24,71,30,R1,1,4890,2990.08
937,2025-02-16,85,18,R4,3,19368,14309.38
938,2025-08-26,49,26,R4,4,15244,9541.44
939,2025-09-19,32,5,R3,7,6629,4047.01
940,2025-04-22,57,26,R3,8,68424,44061.25
941,2025-09-06,4,20,R3,7,25452,15097.78
942,2025-09-12,94,30,R4,3,26385,19957.12
943,2025-08-06,24,16,R2,4,17100,11036.16
944,2025-02-18,34,9,R3,2,16206,10146.79
945,2025-10-31,75,27,R2,6,44190,33938.82
946,2025-06-04,33,26,R2,3,8952,5629.52
947,2025-02-18,87,14,R4,7,51492,30949.56
948,2025-02-21,20,14,R2,3,16218,9888.46
949,2025-08-11,50,9,R2,2,6394,4763.0
950,2025-04-08,21,16,R2,8,67616,46063.97
951,2025-02-20,3,30,R2,8,6616,5227.79
952,2025-11-27,73,4,R4,4,20880,15038.06
953,2025-11-01,30,19,R2,6,37734,21816.37
954,2025-02-03,83,6,R3,3,13008,9088.49
955,2025-02-21,8,27,R1,4,17076,10340.77
956,2025-05-11,33,27,R1,5,41085,24620.0
957,2025-01-01,39,30,R4,4,25148,15478.98
958,2025-07-31,15,25,R2,1,2075,1325.73
959,2025-02-25,58,23,R4,1,3894,2361.45
960,2025-01-19,41,25,R4,7,62580,41050.2
961,2025-06-09,54,3,R4,7,68474,51870.44
962,2025-09-01,36,6,R4,7,25606,18652.61
963,2025-10-14,28,15,R2,2,3016,2216.6
964,2025-08-09,2,1,R3,8,22280,17325.66
965,2025-08-29,17,28,R3,7,24857,14629.19
966,2025-07-21,85,1,R3,1,6457,4321.27
967,2025-06-16,67,20,R2,6,7872,4602.02
968,2025-12-10,11,10,R1,5,26040,19915.02
969,2025-12-19,21,4,R1,2,10196,5677.05
970,2025-07-08,91,6,R4,7,15428,8976.07
971,2025-08-26,39,16,R4,7,13636,9102.53
972,2025-04-27,49,7,R3,8,51232,33616.39
973,2025-10-12,36,27,R1,1,7555,4690.8
974,2025-04-14,20,15,R4,5,30605,18094.13
975,2025-09-23,22,14,R2,5,20500,11954.7
976,2025-01-09,54,3,R1,8,41280,32856.73
977,2025-08-14,91,25,R1,2,3976,2621.66
978,2025-09-17,92,27,R1,7,43155,25210.88
979,2025-08-31,12,1,R1,3,25359,15470.57
980,2025-02-11,12,18,R2,2,4886,3069.37
981,2025-08-02,57,9,R2,6,5808,4077.72
982,2025-02-19,70,22,R4,5,49955,28262.96
983,2025-02-27,13,14,R1,4,39308,30516.63
984,2025-05-23,87,16,R3,3,28833,19260.89
985,2025-05-25,59,19,R3,5,46090,28769.38
986,2025-11-25,66,3,R1,8,46216,28274.76
987,2025-02-28,41,17,R3,5,31625,19506.53
988,2025-09-20,36,20,R2,7,54740,33908.16
989,2025-11-10,27,5,R2,1,1502,930.47
990,2025-12-27,23,12,R3,4,26960,18195.02
991,2025-11-30,13,10,R1,3,23976,17342.84
992,2025-09-28,88,14,R1,4,26492,17367.63
993,2025-08-06,26,12,R3,7,66717,43896.55
994,2025-07-22,25,13,R2,6,55872,37753.11
995,2025-02-11,31,22,R1,3,18264,14381.33
996,2025-05-18,59,16,R3,5,31180,25431.91
997,2025-04-05,70,22,R2,3,4953,2932.33
998,2025-10-18,68,7,R4,6,11268,7793.47
999,2025-03-15,92,18,R2,6,29568,18678.34
1000,2025-05-17,27,13,R1,7,26621,17372.17
1001,2025-01-07,57,28,R4,1,1738,1406.56
1002,2025-04-27,52,9,R2,1,9924,5724.92
1003,2025-12-30,54,19,R1,4,30184,18938.01
1004,2025-01-30,48,19,R1,2,19760,10980.21
1005,2025-12-31,76,26,R4,3,20190,11946.08
1006,2025-10-04,60,9,R3,7,19831,11931.26
1007,2025-12-29,74,26,R3,7,23618,18170.85
1008,2025-10-18,88,11,R1,6,51024,29470.01
1009,2025-06-20,33,23,R3,5,36230,27535.78
1010,2025-08-17,58,15,R4,6,11988,8822.46
1011,2025-03-31,15,8,R2,4,9692,5877.75
1012,2025-12-08,43,7,R3,8,64776,49497.98
1013,2025-11-20,23,27,R1,3,22521,12848.73
1014,2025-08-20,4,1,R4,7,59220,47830.19
1015,2025-07-31,30,28,R2,1,9805,6480.49
1016,2025-06-23,40,21,R4,7,46704,26409.38
1017,2025-09-16,2,11,R1,7,24626,15017.15
1018,2025-01-07,4,4,R1,7,57582,42517.56
1019,2025-07-11,13,19,R4,6,2430,1965.49
1020,2025-11-18,34,14,R1,8,72680,50315.51
1021,2025-02-23,63,4,R4,2,16718,12496.78
1022,2025-09-16,77,1,R1,8,41464,23317.56
1023,2025-08-04,86,20,R3,1,7975,6313.69
1024,2025-05-07,45,19,R4,7,13265,8355.77
1025,2025-11-05,79,2,R3,5,45480,27897.9
1026,2025-10-18,52,30,R1,7,54152,42690.41
1027,2025-11-21,94,19,R2,8,41432,29882.77
1028,2025-10-01,6,23,R3,1,2621,1668.28
1029,2025-12-26,8,25,R2,1,2898,2220.12
1030,2025-05-02,94,13,R2,6,58872,34633.91
1031,2025-02-21,32,15,R4,6,16290,12493.13
1032,2025-03-31,72,25,R3,6,3024,2094.2
1033,2025-09-10,7,30,R1,3,645,423.92
1034,2025-10-08,88,30,R1,6,33588,19118.26
1035,2025-07-14,18,30,R3,1,9709,7642.03
1036,2025-08-24,65,25,R2,8,17424,10602.97
1037,2025-03-20,40,8,R1,1,4431,2553.8
1038,2025-04-04,99,15,R3,3,9699,6155.52
1039,2025-12-16,51,22,R2,8,37728,28958.88
1040,2025-11-06,70,6,R2,6,16140,9932.82
1041,2025-12-23,3,22,R1,4,20868,15795.16
1042,2025-06-06,42,4,R3,8,72424,42954.18
1043,2025-02-24,12,12,R4,3,8553,5183.03
1044,2025-01-04,12,30,R4,2,4518,2786.02
1045,2025-12-06,7,28,R4,8,16896,9434.58
1046,2025-06-24,26,8,R4,6,45810,31772.26
1047,2025-12-25,17,29,R4,2,9998,6628.87
1048,2025-05-30,95,4,R2,7,38710,25934.6
1049,2025-04-07,82,26,R4,5,32115,23061.04
1050,2025-02-15,16,15,R1,8,57640,35692.35
1051,2025-05-13,51,4,R2,3,25722,17150.39
1052,2025-01-04,62,29,R4,6,38172,27604.21
1053,2025-10-13,82,24,R1,7,19292,12213.41
1054,2025-09-21,17,10,R3,8,62952,39514.29
1055,2025-10-29,62,20,R2,3,13080,9455.19
1056,2025-01-09,53,23,R1,5,44925,34648.88
1057,2025-07-11,28,14,R1,8,55480,41425.77
1058,2025-12-24,88,24,R1,2,7650,4848.15
1059,2025-04-14,54,12,R4,7,43323,28379.58
1060,2025-04-26,9,10,R1,8,55808,40656.8
1061,2025-10-20,54,21,R2,4,39528,27154.02
1062,2025-08-07,43,9,R4,6,49716,37160.68
1063,2025-01-20,64,19,R2,1,2807,1586.53
1064,2025-06-02,11,29,R2,4,33460,25452.32
1065,2025-08-15,69,14,R1,1,1284,766.11
1066,2025-04-17,89,3,R4,3,26532,20466.47
1067,2025-06-04,47,3,R2,6,43272,26421.16
1068,2025-01-23,11,16,R3,1,6803,4890.62
1069,2025-05-23,48,15,R2,5,16230,10976.15
1070,2025-03-23,98,15,R3,3,29886,22205.06
1071,2025-07-21,98,18,R1,4,20700,16827.36
1072,2025-12-11,36,18,R2,2,18582,11898.04
1073,2025-04-29,80,27,R3,1,355,237.87
1074,2025-08-09,81,24,R3,5,41890,25666.91
1075,2025-12-27,29,10,R2,6,56352,42566.38
1076,2025-10-21,46,27,R4,2,726,512.07
1077,2025-01-16,76,18,R4,6,50142,30397.22
1078,2025-11-29,71,20,R2,8,6392,4325.99
1079,2025-04-22,42,16,R1,5,24930,18191.88
1080,2025-03-12,82,25,R4,4,19480,13528.61
1081,2025-11-03,24,24,R2,5,33615,21601.06
1082,2025-02-19,38,12,R2,3,9099,6021.37
1083,2025-05-27,15,12,R2,2,10340,6389.78
1084,2025-09-21,53,9,R4,5,46965,30187.88
1085,2025-12-04,94,1,R2,6,23748,15119.81
1086,2025-04-12,56,9,R3,1,5261,3294.02
1087,2025-09-20,35,5,R2,6,12666,9147.92
1088,2025-06-25,16,17,R2,7,30079,17247.68
1089,2025-08-17,64,10,R3,1,5828,3867.45
1090,2025-11-15,34,18,R2,8,66976,42796.68
1091,2025-03-10,32,29,R3,2,8116,6491.9
1092,2025-05-07,5,7,R2,3,26925,19757.46
1093,2025-09-11,45,28,R4,6,6882,4142.47
1094,2025-11-17,30,14,R4,4,3756,2786.87
1095,2025-01-22,11,9,R3,2,16304,9622.72
1096,2025-09-28,23,26,R1,3,19080,11146.03
1097,2025-04-22,75,25,R3,8,11952,9581.71
1098,2025-06-23,51,7,R3,1,8251,6523.02
1099,2025-04-13,26,18,R1,8,30984,22067.16
1100,2025-02-21,44,5,R1,4,37412,27882.12
1101,2025-06-12,47,22,R1,7,13356,10053.09
1102,2025-01-23,39,30,R4,8,63408,39499.8
1103,2025-06-25,39,27,R1,4,32864,19651.1
1104,2025-04-15,45,22,R4,4,4960,4009.25
1105,2025-02-12,68,23,R1,3,1374,951.11
1106,2025-09-07,57,20,R3,5,3390,2240.22
1107,2025-10-17,35,17,R1,5,12195,8226.17
1108,2025-04-17,95,28,R2,4,10400,5798.33
1109,2025-11-22,86,22,R3,3,24522,16223.63
1110,2025-01-02,56,14,R1,2,16730,13509.54
1111,2025-01-22,52,23,R2,8,65984,39408.05
1112,2025-09-20,52,26,R2,7,33278,20694.16
1113,2025-05-03,15,15,R3,2,17158,11914.76
1114,2025-04-04,67,7,R2,1,1711,1092.8
1115,2025-06-10,30,4,R1,7,22190,12412.02
1116,2025-09-02,62,28,R2,7,35987,27085.74
1117,2025-11-21,27,5,R4,8,23584,13241.42
1118,2025-10-12,27,26,R3,2,7286,4874.63
1119,2025-03-02,93,24,R3,3,2937,2135.55
1120,2025-10-29,1,16,R4,1,2313,1478.03
1121,2025-11-18,54,3,R4,4,37564,25927.51
1122,2025-09-22,51,5,R4,5,31425,19807.92
1123,2025-11-08,12,15,R1,6,12408,8148.43
1124,2025-08-18,23,19,R1,6,4824,2964.73
1125,2025-01-08,20,28,R1,5,39110,28623.19
1126,2025-01-30,31,27,R2,8,35000,27051.4
1127,2025-08-29,57,13,R1,4,13000,9951.91
1128,2025-07-07,15,12,R4,3,3573,2374.79
1129,2025-04-21,9,24,R4,8,18680,10776.77
1130,2025-10-29,2,14,R4,4,33788,27055.45
1131,2025-03-04,76,8,R4,6,22566,15902.04
1132,2025-06-16,12,15,R2,6,7614,4860.89
1133,2025-11-07,3,4,R3,7,21490,15522.31
1134,2025-06-25,5,15,R1,6,56292,34080.57
1135,2025-06-06,69,20,R2,5,21860,17406.76
1136,2025-12-17,36,15,R2,5,22460,16605.2
1137,2025-04-19,78,6,R2,8,18856,14832.72
1138,2025-06-20,23,13,R3,7,55881,45532.11
1139,2025-03-21,100,12,R1,7,30142,18012.94
1140,2025-09-26,43,22,R2,7,32543,25155.66
1141,2025-03-07,47,23,R4,4,9800,5858.56
1142,2025-06-22,88,25,R3,1,7296,4380.1
1143,2025-05-14,12,7,R1,5,46055,31539.81
1144,2025-11-03,32,10,R3,6,6546,4834.16
1145,2025-10-17,84,22,R1,1,574,341.16
1146,2025-05-13,68,3,R4,4,16668,11367.16
1147,2025-10-06,97,26,R3,8,7624,5939.99
1148,2025-06-06,33,28,R1,7,42273,32179.87
1149,2025-10-11,39,23,R1,4,22028,13793.2
1150,2025-05-20,79,3,R2,1,1590,1137.4
1151,2025-06-29,74,6,R4,6,27654,17059.53
1152,2025-03-26,81,22,R3,3,28974,22774.34
1153,2025-02-26,71,6,R1,4,24900,17149.32
1154,2025-09-01,18,18,R4,8,23272,13063.16
1155,2025-02-14,3,21,R3,3,1860,1325.44
1156,2025-04-05,17,10,R3,2,16996,12497.73
1157,2025-07-29,84,5,R3,6,18468,10824.55
1158,2025-03-26,58,13,R2,3,15492,10131.47
1159,2025-10-10,42,18,R2,7,43813,33562.69
1160,2025-02-14,68,11,R4,2,17954,12560.56
1161,2025-11-18,74,28,R1,5,8980,5307.42
1162,2025-06-18,42,28,R4,1,9018,5198.26
1163,2025-04-03,91,30,R4,5,26990,15248.21
1164,2025-05-21,89,4,R3,6,34944,25365.48
1165,2025-08-22,59,21,R1,6,31092,19796.94
1166,2025-09-20,13,24,R3,1,5987,4442.54
1167,2025-09-29,52,22,R3,6,45378,28311.97
1168,2025-02-06,40,21,R1,4,29016,16265.97
1169,2025-09-28,37,18,R2,7,65310,45415.64
1170,2025-03-10,32,4,R2,8,1752,1403.85
1171,2025-01-27,29,1,R2,3,19149,13278.67
1172,2025-03-18,21,28,R4,8,38016,20956.77
1173,2025-04-29,88,11,R3,8,6160,3993.16
1174,2025-03-06,88,20,R4,3,28257,20115.33
1175,2025-12-05,68,11,R1,8,73936,57630.48
1176,2025-03-18,2,11,R4,7,44163,31049.11
1177,2025-01-15,84,16,R1,2,15768,8997.42
1178,2025-10-19,52,11,R2,5,37665,27301.23
1179,2025-08-16,69,27,R4,5,44440,31674.34
1180,2025-06-27,63,28,R2,7,10031,6636.58
1181,2025-09-18,45,23,R2,7,25319,20479.42
1182,2025-04-24,31,8,R3,1,6775,4226.86
1183,2025-01-29,2,17,R4,5,46960,30768.09
1184,2025-06-03,98,24,R2,8,61144,41287.22
1185,2025-05-27,52,2,R1,8,43896,26348.61
1186,2025-09-17,4,28,R4,3,11952,7448.53
1187,2025-11-09,78,4,R3,1,9735,6282.85
1188,2025-06-28,50,20,R1,6,33666,26775.05
1189,2025-06-18,40,5,R2,1,9857,7677.33
1190,2025-02-02,60,18,R3,4,33688,19473.32
1191,2025-07-11,28,14,R3,6,26112,18133.11
1192,2025-02-08,69,9,R3,2,19324,13527.98
1193,2025-12-30,49,29,R3,1,5873,3890.41
1194,2025-06-01,33,1,R3,1,9732,5506.91
1195,2025-10-10,91,17,R4,2,19874,15867.98
1196,2025-02-06,69,23,R3,6,10836,6379.87
1197,2025-02-09,95,26,R4,8,32544,26420.7
1198,2025-09-30,36,30,R3,8,34480,22770.75
1199,2025-10-14,74,28,R2,2,1206,839.97
1200,2025-10-22,8,5,R4,6,19392,12803.32
1201,2025-10-30,38,14,R2,1,1713,1323.37
1202,2025-10-06,17,5,R3,8,79248,62022.43
1203,2025-03-31,92,1,R1,6,32652,18121.92
1204,2025-08-09,34,8,R2,2,15182,9208.26
1205,2025-02-08,82,23,R2,2,7942,4846.19
1206,2025-08-13,75,4,R3,7,37625,30800.73
1207,2025-03-25,52,16,R2,6,38592,29523.62
1208,2025-04-05,69,4,R1,8,75144,59957.2
1209,2025-02-23,10,24,R2,6,13812,7909.7
1210,2025-12-13,98,14,R4,8,51072,37545.12
1211,2025-11-09,55,16,R2,8,39320,27463.13
1212,2025-11-04,72,6,R3,6,23094,16418.5
1213,2025-05-02,32,15,R4,8,58824,40912.07
1214,2025-03-15,27,8,R3,6,7614,4333.82
1215,2025-03-02,61,6,R4,8,1792,1180.68
1216,2025-10-24,5,17,R4,4,2568,2094.82
1217,2025-11-20,17,7,R3,7,38710,31323.49
1218,2025-07-03,84,20,R2,5,17535,13336.34
1219,2025-01-03,32,11,R1,1,5099,2823.37
1220,2025-12-29,14,1,R4,7,51674,33391.02
1221,2025-01-09,82,24,R4,3,29493,16501.92
1222,2025-12-11,92,21,R4,6,57342,35673.43
1223,2025-09-30,60,1,R3,6,35496,19695.64
1224,2025-02-07,57,27,R1,7,14196,10831.98
1225,2025-09-03,12,26,R1,5,2095,1372.55
1226,2025-09-30,81,17,R2,7,26810,15616.79
1227,2025-06-16,78,1,R4,3,26622,20209.18
1228,2025-11-21,2,3,R2,4,15628,9330.57
1229,2025-06-24,51,28,R1,6,43950,32066.91
1230,2025-09-14,64,7,R3,1,3517,2253.95
1231,2025-07-31,27,24,R4,4,21068,11820.95
1232,2025-06-23,95,13,R2,7,66423,43435.34
1233,2025-02-16,13,4,R3,2,16334,9198.62
1234,2025-02-14,94,23,R1,4,3208,2389.77
1235,2025-11-14,68,8,R4,7,28819,17943.37
1236,2025-03-18,83,28,R3,8,24152,16209.24
1237,2025-09-18,60,2,R3,4,36192,22127.99
1238,2025-06-04,74,22,R3,1,9083,6938.98
1239,2025-03-06,10,4,R2,3,1581,938.27
1240,2025-03-24,1,18,R3,6,38766,29896.22
1241,2025-09-05,1,27,R3,4,22048,12929.09
1242,2025-05-15,47,11,R3,3,1539,1056.39
1243,2025-06-08,95,20,R4,1,4022,2299.24
1244,2025-08-30,59,22,R2,8,19392,11305.36
1245,2025-09-14,59,18,R1,1,5432,3257.77
1246,2025-10-05,87,7,R4,2,928,559.43
1247,2025-10-21,39,3,R1,3,22437,14437.96
1248,2025-04-13,73,28,R4,5,17160,10642.99
1249,2025-10-21,15,22,R4,4,17384,11352.89
1250,2025-02-21,55,26,R2,3,7284,5705.19
1251,2025-03-18,82,22,R2,4,33148,23016.85
1252,2025-03-28,27,8,R2,3,19803,11303.34
1253,2025-06-29,89,29,R3,2,7576,4297.22
1254,2025-09-29,3,1,R1,2,3840,2913.23
1255,2025-05-04,76,14,R3,6,40086,28165.09
1256,2025-10-14,70,27,R2,1,5101,3852.27
1257,2025-04-21,22,19,R4,8,31904,21257.21
1258,2025-08-29,29,24,R1,8,57552,38070.47
1259,2025-05-18,93,10,R4,5,41590,30690.97
1260,2025-01-23,58,16,R3,1,7902,4695.58
1261,2025-06-07,39,4,R4,8,11424,6500.86
1262,2025-03-29,57,15,R3,8,67144,41952.09
1263,2025-06-23,50,20,R2,8,4008,2881.83
1264,2025-02-14,47,10,R2,6,32598,20751.81
1265,2025-07-31,64,20,R1,3,7119,5772.42
1266,2025-07-08,29,13,R3,7,16387,13285.53
1267,2025-08-13,75,19,R1,4,22712,16723.28
1268,2025-03-15,69,19,R1,5,31615,20943.47
1269,2025-09-08,37,13,R3,4,18860,13003.08
1270,2025-04-30,29,16,R3,3,24531,18411.34
1271,2025-10-08,15,7,R4,2,13976,9594.42
1272,2025-12-20,92,9,R1,2,3692,2386.48
1273,2025-04-25,61,3,R4,6,26538,20700.29
1274,2025-09-12,17,2,R2,4,38404,26279.23
1275,2025-11-05,20,8,R4,5,39385,21726.55
1276,2025-07-23,34,24,R2,5,9705,7837.08
1277,2025-11-01,7,9,R2,4,9780,7006.07
1278,2025-10-26,59,5,R4,1,2508,1521.25
1279,2025-10-03,45,10,R3,1,5400,4406.0
1280,2025-02-05,30,13,R3,8,22064,13663.97
1281,2025-02-28,18,8,R2,8,23488,13582.35
1282,2025-08-22,42,17,R4,3,9744,5762.32
1283,2025-07-26,2,25,R4,2,2536,1908.71
1284,2025-08-05,21,8,R1,4,16220,9129.8
1285,2025-02-14,84,3,R4,6,10818,8043.44
1286,2025-01-18,67,5,R1,8,77600,58316.9
1287,2025-06-17,12,27,R3,2,4342,2857.47
1288,2025-06-22,7,8,R3,1,5648,4424.65
1289,2025-03-05,81,26,R4,4,32844,19113.59
1290,2025-04-21,89,5,R1,3,1104,892.78
1291,2025-02-09,23,9,R3,4,8096,4657.9
1292,2025-06-22,31,18,R1,3,10206,7304.6
1293,2025-09-17,67,2,R1,2,7694,4602.43
1294,2025-01-26,11,24,R1,5,21550,16112.56
1295,2025-07-13,70,13,R3,8,5856,4139.43
1296,2025-05-03,9,19,R4,1,6237,4572.64
1297,2025-08-26,74,13,R4,3,3174,2244.5
1298,2025-06-14,75,16,R1,3,1593,1249.99
1299,2025-05-14,41,18,R4,8,13744,8630.62
1300,2025-05-12,17,17,R1,4,26036,19698.09
1301,2025-09-13,31,12,R3,5,12180,9451.01
1302,2025-12-14,48,8,R3,2,19620,14136.83
1303,2025-01-13,4,28,R3,6,44592,27694.26
1304,2025-06-02,21,13,R3,4,6644,4875.32
1305,2025-10-27,14,4,R2,5,3575,2258.3
1306,2025-11-27,74,16,R4,7,55174,30610.64
1307,2025-06-30,37,2,R4,1,8190,5373.83
1308,2025-06-14,46,7,R1,1,8543,5961.14
1309,2025-07-03,32,25,R2,2,13224,7382.61
1310,2025-12-25,49,20,R1,1,786,513.58
1311,2025-09-24,3,20,R2,1,5849,3413.47
1312,2025-02-15,70,25,R2,4,6536,4068.9
1313,2025-07-30,44,22,R2,3,29121,21556.5
1314,2025-01-04,16,3,R4,2,19272,12305.26
1315,2025-06-19,20,29,R4,1,3740,2970.61
1316,2025-02-23,10,26,R4,6,49566,40486.91
1317,2025-06-14,91,30,R2,3,24810,17265.85
1318,2025-05-11,85,10,R2,8,75496,47139.9
1319,2025-08-04,40,23,R2,3,8358,5265.77
1320,2025-07-06,85,13,R1,5,40195,32651.39
1321,2025-05-17,99,21,R3,2,3210,1847.8
1322,2025-03-18,100,11,R1,7,56714,43458.94
1323,2025-04-17,67,19,R2,2,15830,9257.42
1324,2025-06-08,38,28,R1,8,66144,38674.83
1325,2025-10-10,84,1,R3,7,5922,3667.33
1326,2025-09-18,10,21,R3,3,24633,19235.68
1327,2025-05-25,57,26,R1,3,13743,8652.81
1328,2025-10-05,97,28,R2,5,1935,1278.81
1329,2025-07-05,72,3,R3,8,58664,40902.33
1330,2025-08-19,9,2,R3,2,5192,3605.12
1331,2025-09-12,86,9,R2,1,5786,3217.66
1332,2025-11-16,90,11,R3,4,7636,4403.64
1333,2025-05-29,10,18,R1,8,33400,21651.0
1334,2025-05-22,7,24,R2,2,7392,4841.86
1335,2025-08-06,40,20,R3,6,54798,34970.75
1336,2025-01-05,100,18,R1,8,11536,6931.68
1337,2025-07-06,65,16,R1,4,38592,27843.51
1338,2025-02-01,41,18,R2,3,18774,14512.94
1339,2025-03-11,46,23,R2,8,74696,44680.73
1340,2025-06-23,9,11,R4,4,19848,13496.21
1341,2025-10-03,8,2,R1,8,44552,33268.37
1342,2025-10-24,23,12,R4,6,7998,5549.7
1343,2025-11-19,57,18,R4,5,44040,32432.08
1344,2025-03-14,27,5,R1,7,50953,28617.0
1345,2025-07-28,18,28,R1,3,13395,9184.51
1346,2025-02-25,97,15,R4,7,38878,25606.66
1347,2025-09-24,36,2,R2,3,27561,22026.65
1348,2025-04-10,93,12,R1,6,37014,22171.39
1349,2025-06-03,56,7,R3,2,9604,7604.79
1350,2025-09-09,53,21,R3,5,19325,13011.04
1351,2025-10-13,46,23,R4,7,11249,7085.34
1352,2025-09-04,19,12,R2,3,17352,10639.07
1353,2025-04-30,32,27,R2,8,20520,15167.85
1354,2025-10-24,97,9,R1,2,16562,11025.99
1355,2025-11-08,98,22,R4,2,12344,8374.37
1356,2025-07-11,15,21,R1,2,13494,10241.67
1357,2025-07-11,40,12,R3,1,3638,2848.57
1358,2025-02-03,88,29,R2,6,46008,37037.66
1359,2025-08-10,4,28,R2,4,25360,19930.95
1360,2025-11-12,35,20,R3,7,17206,11436.81
1361,2025-03-16,86,18,R4,5,17575,10244.63
1362,2025-08-08,74,19,R3,5,4410,3414.66
1363,2025-04-18,83,5,R3,1,1510,894.11
1364,2025-09-25,98,27,R2,7,22659,15597.79
1365,2025-04-10,7,8,R2,3,2175,1496.28
1366,2025-12-29,70,16,R3,2,17252,11691.72
1367,2025-07-20,91,18,R1,7,59360,41482.5
1368,2025-07-17,91,19,R3,1,4859,3905.54
1369,2025-12-03,98,13,R1,4,36200,20234.6
1370,2025-03-25,73,17,R1,7,3899,3021.51
1371,2025-04-24,84,20,R1,7,61278,36623.89
1372,2025-07-29,63,28,R1,4,31988,18308.7
1373,2025-03-04,52,26,R1,8,30312,17020.08
1374,2025-08-22,23,13,R4,2,14384,11602.52
1375,2025-06-01,60,22,R1,7,43729,34606.35
1376,2025-10-28,98,18,R2,5,41425,32938.23
1377,2025-03-02,19,11,R1,8,78128,52558.18
1378,2025-07-22,38,26,R4,4,2884,2347.33
1379,2025-05-04,60,20,R1,3,4932,2761.7
1380,2025-10-30,29,3,R2,6,41538,31702.32
1381,2025-01-14,71,12,R1,7,54383,32654.07
1382,2025-04-05,89,23,R1,8,13872,9663.35
1383,2025-06-30,48,4,R1,3,18417,13854.81
1384,2025-04-14,62,5,R4,3,10767,6897.33
1385,2025-09-21,94,8,R4,7,36050,27895.58
1386,2025-09-12,51,1,R4,7,27041,21275.71
1387,2025-08-11,91,16,R3,8,3152,1915.64
1388,2025-06-28,37,26,R3,3,10758,8618.86
1389,2025-02-17,27,12,R2,2,17348,10213.85
1390,2025-12-07,35,30,R3,3,15657,9406.56
1391,2025-08-16,72,8,R1,2,17438,9638.99
1392,2025-11-03,12,26,R4,5,46055,34590.53
1393,2025-11-12,24,30,R2,7,22673,12991.71
1394,2025-03-19,9,17,R4,1,4834,3936.18
1395,2025-09-19,72,29,R1,5,6605,4736.13
1396,2025-07-12,34,16,R1,3,8874,6025.05
1397,2025-03-24,2,11,R3,1,2312,1397.06
1398,2025-01-18,90,25,R1,3,10113,7615.91
1399,2025-01-04,90,4,R2,6,32046,18355.84
1400,2025-08-30,17,12,R4,2,16550,12588.31
1401,2025-09-19,10,6,R4,2,8096,5687.81
1402,2025-09-27,21,6,R2,6,13326,8121.26
1403,2025-04-11,43,20,R1,6,7866,5956.64
1404,2025-10-21,47,3,R3,5,42590,27474.75
1405,2025-05-03,90,13,R3,3,11652,7354.56
1406,2025-01-09,20,21,R3,2,11178,6167.4
1407,2025-09-21,62,18,R1,3,13359,10631.71
1408,2025-12-25,34,16,R2,3,11982,8098.38
1409,2025-11-13,47,24,R1,5,22840,15978.45
1410,2025-01-05,94,21,R1,8,63216,46216.77
1411,2025-05-29,66,30,R4,2,5974,4606.32
1412,2025-03-08,39,9,R1,7,3822,2174.7
1413,2025-05-11,32,2,R2,8,53304,42297.38
1414,2025-06-15,74,6,R4,8,69464,47729.57
1415,2025-04-21,34,16,R2,6,28314,20836.55
1416,2025-09-19,82,19,R2,1,7469,4704.97
1417,2025-08-12,27,12,R4,1,1470,921.8
1418,2025-08-21,20,2,R3,7,16030,9929.36
1419,2025-08-11,48,17,R4,6,2250,1304.56
1420,2025-01-03,93,9,R4,2,2958,2284.97
1421,2025-05-08,72,21,R2,6,52998,42058.9
1422,2025-01-22,11,19,R2,6,23604,13796.03
1423,2025-06-16,95,15,R2,3,5127,3153.11
1424,2025-09-01,11,1,R1,2,15140,11054.23
1425,2025-05-17,96,5,R3,6,54480,38432.51
1426,2025-01-27,79,18,R4,5,24975,20178.31
1427,2025-06-08,85,14,R3,2,6364,4680.48
1428,2025-10-29,65,28,R1,5,49995,32479.18
1429,2025-07-02,87,25,R1,2,16074,12660.96
1430,2025-10-21,78,13,R3,8,18816,13081.55
1431,2025-10-29,88,29,R4,5,24150,15074.58
1432,2025-04-05,82,4,R1,4,9048,6697.25
1433,2025-01-09,69,11,R3,5,41945,23823.04
1434,2025-05-08,28,17,R1,5,39740,27912.49
1435,2025-03-21,16,17,R3,2,4898,2855.56
1436,2025-02-22,77,2,R4,4,20448,11855.38
1437,2025-07-25,11,16,R1,2,12344,7526.85
1438,2025-12-26,6,19,R1,7,18144,13656.69
1439,2025-06-01,87,16,R2,7,56056,45442.26
1440,2025-07-17,81,21,R2,1,5704,4501.86
1441,2025-09-21,27,19,R4,5,23750,14453.32
1442,2025-04-20,59,1,R4,3,10878,7534.81
1443,2025-12-27,75,23,R1,8,68368,55258.58
1444,2025-08-23,1,17,R1,1,7223,4205.84
1445,2025-05-13,53,11,R3,6,22344,15252.26
1446,2025-05-31,60,8,R3,6,53808,39763.84
1447,2025-06-12,21,25,R3,7,61306,48241.84
1448,2025-06-13,89,5,R4,7,51695,33321.08
1449,2025-08-26,98,24,R4,7,59052,44697.62
1450,2025-04-01,48,5,R1,1,3486,2215.29
1451,2025-04-01,86,16,R4,3,20802,12707.84
1452,2025-06-12,88,1,R3,5,2955,2288.78
1453,2025-04-18,97,23,R3,5,21465,15841.7
1454,2025-03-16,1,29,R1,4,4180,2390.6
1455,2025-08-05,82,24,R2,2,7870,5916.2
1456,2025-03-22,24,8,R2,2,1686,1313.91
1457,2025-02-11,28,7,R2,1,1634,1024.76
1458,2025-02-04,21,22,R2,2,12892,9254.06
1459,2025-06-04,13,28,R1,5,28565,21486.1
1460,2025-01-20,13,18,R2,4,25488,15940.37
1461,2025-04-19,90,23,R1,3,6777,5055.09
1462,2025-01-20,76,15,R3,3,27063,20136.17
1463,2025-12-17,4,7,R3,1,7973,5763.0
1464,2025-12-22,58,1,R2,6,52218,30541.18
1465,2025-08-02,84,24,R4,8,5904,3547.07
1466,2025-09-12,53,7,R3,7,4767,2906.52
1467,2025-06-09,96,7,R4,4,34468,20125.29
1468,2025-09-22,28,24,R1,7,53291,31726.59
1469,2025-12-27,78,16,R1,6,12312,6872.56
1470,2025-04-04,52,28,R3,3,27750,19531.11
1471,2025-11-02,18,26,R2,3,9921,7953.48
1472,2025-05-16,91,25,R3,8,41480,29988.51
1473,2025-02-15,39,25,R1,1,5393,3743.97
1474,2025-02-07,37,14,R1,2,17100,12137.78
1475,2025-03-01,82,29,R3,4,10328,6174.21
1476,2025-08-03,19,23,R3,3,19353,12874.6
1477,2025-12-03,1,3,R4,1,573,333.05
1478,2025-04-06,15,10,R3,4,2796,1930.36
1479,2025-04-09,87,7,R4,1,1711,1208.61
1480,2025-07-10,7,20,R2,2,2846,2018.21
1481,2025-10-10,4,25,R4,2,8280,5760.29
1482,2025-07-03,33,23,R1,8,35224,26093.35
1483,2025-06-03,68,18,R4,1,9443,6197.95
1484,2025-08-04,17,4,R4,5,33540,25115.78
1485,2025-07-15,8,23,R2,4,15936,8833.47
1486,2025-04-09,23,10,R3,2,1082,851.57
1487,2025-02-16,13,12,R1,8,5336,2984.98
1488,2025-11-30,83,11,R3,3,1086,621.73
1489,2025-09-25,51,20,R4,3,28509,18365.08
1490,2025-04-21,33,6,R3,8,56424,45498.11
1491,2025-11-16,16,8,R1,5,15220,12178.34
1492,2025-09-02,47,18,R4,8,66160,40741.96
1493,2025-10-16,40,7,R1,7,40285,25005.02
1494,2025-10-05,19,28,R3,7,62034,50127.08
1495,2025-09-27,73,12,R2,8,45448,34347.78
1496,2025-07-31,80,11,R1,4,9384,6651.07
1497,2025-12-07,8,3,R2,7,16898,13187.97
1498,2025-07-05,8,27,R3,4,39532,24063.86
1499,2025-11-23,42,30,R1,2,16354,12345.36
1500,2025-06-20,2,23,R3,7,61418,41897.02
1501,2025-04-09,44,23,R2,4,21796,14882.7
1502,2025-09-13,16,14,R2,1,8250,4796.31
1503,2025-11-22,77,30,R4,8,11032,6380.36
1504,2025-07-02,67,20,R2,1,7343,4420.39
1505,2025-09-02,47,6,R2,5,26905,17240.08
1506,2025-06-18,3,8,R1,5,27740,16022.46
1507,2025-12-12,74,29,R2,1,8115,5386.35
1508,2025-04-03,16,15,R2,7,67347,47645.39
1509,2025-02-18,37,5,R1,8,4824,3905.29
1510,2025-08-18,27,23,R3,4,20664,14870.06
1511,2025-11-01,67,28,R2,1,5355,4299.28
1512,2025-01-03,7,29,R4,2,4972,3564.04
1513,2025-04-01,56,1,R1,5,16990,12003.46
1514,2025-11-01,64,26,R3,6,11370,7096.02
1515,2025-06-24,9,18,R1,4,4756,3381.06
1516,2025-04-24,20,3,R3,8,63104,36831.87
1517,2025-10-14,15,9,R4,5,28895,22727.75
1518,2025-11-13,87,24,R4,5,37965,28163.73
1519,2025-04-28,46,11,R1,7,35574,26939.57
1520,2025-12-09,28,7,R1,3,14139,10740.04
1521,2025-06-18,59,3,R3,3,24663,19636.44
1522,2025-08-11,36,21,R4,3,26514,18305.0
1523,2025-02-22,8,25,R1,7,52787,29279.45
1524,2025-03-08,3,8,R3,3,11784,9562.64
1525,2025-08-31,1,16,R1,8,10688,7032.64
1526,2025-10-11,66,11,R2,3,21864,12712.5
1527,2025-03-02,41,9,R4,7,7714,5333.59
1528,2025-11-21,8,11,R1,6,57426,40982.64
1529,2025-06-12,49,10,R1,6,17262,11946.38
1530,2025-09-05,49,27,R3,5,33305,21847.43
1531,2025-11-30,61,5,R3,4,33764,19428.44
1532,2025-03-19,53,1,R3,7,66941,51598.28
1533,2025-05-30,27,19,R4,6,4026,2289.53
1534,2025-12-19,44,21,R2,3,11796,8032.68
1535,2025-05-19,73,11,R3,3,14196,10194.75
1536,2025-02-12,54,22,R4,5,32575,21008.64
1537,2025-01-11,30,16,R1,8,23160,15527.43
1538,2025-08-21,93,16,R3,2,7936,5356.15
1539,2025-04-20,81,11,R1,5,23155,15179.36
1540,2025-11-14,37,16,R3,2,19342,10875.36
1541,2025-10-29,21,13,R2,6,23310,15201.74
1542,2025-09-15,57,27,R3,2,1256,697.27
1543,2025-08-12,40,16,R2,3,21822,13366.19
1544,2025-08-26,94,23,R1,7,16562,11219.26
1545,2025-03-19,3,29,R3,3,8760,5176.59
1546,2025-12-24,6,25,R1,5,2870,1661.85
1547,2025-06-03,42,11,R1,5,8675,7109.64
1548,2025-11-14,38,12,R3,4,26552,17220.57
1549,2025-04-24,26,23,R4,8,63264,40103.99
1550,2025-03-19,61,8,R1,7,31577,20965.88
1551,2025-07-04,97,12,R2,7,22092,12192.44
1552,2025-09-27,40,12,R1,3,2427,1536.33
1553,2025-05-29,3,23,R3,1,5759,3926.53
1554,2025-02-16,20,27,R4,3,21456,14664.85
1555,2025-09-01,73,16,R4,6,58650,44551.72
1556,2025-07-12,88,22,R4,1,1955,1276.46
1557,2025-06-29,56,29,R1,5,43425,24636.16
1558,2025-10-20,28,12,R4,1,7550,5011.05
1559,2025-03-02,25,28,R2,4,33528,22626.28
1560,2025-07-06,63,26,R4,7,57197,41139.99
1561,2025-04-01,31,25,R1,7,69909,52870.44
1562,2025-11-29,95,11,R3,4,25020,19415.96
1563,2025-09-10,75,21,R1,5,19830,10932.09
1564,2025-01-11,68,3,R2,7,57309,46796.48
1565,2025-07-19,58,24,R2,6,42468,26667.79
1566,2025-06-25,20,14,R2,1,3193,2609.04
1567,2025-10-14,66,21,R3,3,19371,15378.31
1568,2025-04-23,98,9,R1,8,25872,21060.0
1569,2025-07-02,91,19,R3,3,2961,2061.69
1570,2025-06-16,93,9,R3,4,25412,15323.47
1571,2025-10-27,10,18,R4,7,2401,1662.33
1572,2025-08-03,79,19,R4,6,24486,19387.35
1573,2025-11-02,23,1,R2,7,67214,51275.67
1574,2025-03-09,62,28,R2,5,16985,10494.2
1575,2025-01-20,14,10,R3,6,53196,41689.6
1576,2025-12-18,23,15,R3,2,12622,7198.37
1577,2025-06-12,46,26,R2,5,4585,3047.03
1578,2025-09-13,93,4,R2,1,5445,3977.97
1579,2025-02-03,36,30,R2,2,5656,3725.42
1580,2025-01-29,12,28,R3,1,7627,5397.87
1581,2025-09-19,65,21,R4,7,35917,28402.79
1582,2025-10-16,87,18,R3,6,34248,22841.69
1583,2025-07-25,27,3,R3,4,32092,19562.26
1584,2025-02-26,75,20,R2,2,16338,11823.02
1585,2025-05-03,83,21,R2,8,31816,22311.4
1586,2025-06-18,36,13,R4,4,30960,22254.47
1587,2025-09-08,12,25,R4,4,20552,14212.72
1588,2025-10-24,7,7,R4,8,36040,24649.19
1589,2025-05-26,77,24,R1,4,33140,26014.6
1590,2025-02-09,71,29,R1,2,19932,11495.74
1591,2025-12-18,61,25,R4,7,13069,10267.12
1592,2025-06-14,27,18,R1,8,14920,11503.47
1593,2025-05-10,58,17,R1,1,3969,3053.37
1594,2025-08-18,21,3,R1,2,7420,5328.55
1595,2025-10-31,8,3,R3,3,19398,11818.51
1596,2025-01-15,13,5,R2,6,45960,29501.39
1597,2025-09-17,2,28,R3,6,10182,7859.4
1598,2025-01-03,20,28,R4,3,23382,17954.17
1599,2025-03-01,95,17,R3,2,3156,1855.32
1600,2025-12-13,62,29,R2,2,11236,8755.66
1601,2025-08-12,5,17,R4,3,19266,10858.93
1602,2025-02-20,5,9,R2,3,8922,5651.68
1603,2025-06-30,85,8,R1,7,60809,35176.0
1604,2025-07-07,37,10,R2,7,59129,36833.14
1605,2025-01-25,81,29,R3,2,4770,3390.28
1606,2025-05-26,47,27,R4,2,10948,7670.96
1607,2025-02-24,49,18,R1,8,4640,3611.72
1608,2025-07-23,98,6,R2,2,13452,7643.54
1609,2025-10-06,14,11,R4,7,25662,21011.78
1610,2025-08-08,3,6,R4,6,33102,18617.34
1611,2025-12-07,39,22,R1,3,14265,8327.57
1612,2025-12-26,86,26,R1,6,17760,13902.75
1613,2025-02-16,40,29,R3,7,57127,40592.24
1614,2025-08-22,7,10,R4,5,17580,13226.31
1615,2025-10-07,6,30,R2,1,7175,4172.71
1616,2025-11-26,45,6,R4,1,6732,5230.76
1617,2025-02-09,58,17,R1,2,18908,15002.56
1618,2025-01-24,95,4,R3,4,30736,22602.07
1619,2025-03-26,18,30,R3,8,71856,57725.91
1620,2025-12-23,84,3,R3,7,16219,10522.74
1621,2025-03-27,85,15,R2,8,72904,42046.2
1622,2025-01-21,28,14,R1,3,26520,19193.58
1623,2025-04-12,98,21,R4,3,24036,15791.92
1624,2025-11-13,88,8,R3,7,7483,5306.48
1625,2025-09-26,66,29,R4,1,1942,1392.94
1626,2025-08-21,92,10,R4,8,66208,37350.66
1627,2025-02-11,51,25,R3,4,21604,12710.67
1628,2025-05-13,41,12,R2,6,56976,43544.23
1629,2025-10-30,18,23,R4,3,19854,15740.05
1630,2025-01-28,79,2,R3,7,22883,16015.35
1631,2025-11-02,39,4,R1,6,8388,5448.7
1632,2025-06-23,43,23,R1,3,23280,17801.21
1633,2025-05-12,23,5,R3,1,6225,4585.42
1634,2025-08-25,16,17,R1,7,37744,25049.8
1635,2025-10-24,92,15,R4,3,28302,16780.85
1636,2025-11-05,7,8,R2,5,26690,19537.12
1637,2025-10-26,12,24,R3,5,38535,24624.98
1638,2025-05-15,54,5,R2,4,28488,19674.43
1639,2025-03-16,22,6,R3,1,978,750.07
1640,2025-11-14,63,13,R1,8,44808,36028.42
1641,2025-03-23,71,28,R3,3,5904,4197.31
1642,2025-07-13,45,22,R4,2,18936,15352.82
1643,2025-07-24,46,16,R4,5,27890,22615.51
1644,2025-10-03,40,4,R3,2,19832,10961.21
1645,2025-12-12,49,20,R4,8,59624,34383.92
1646,2025-10-22,12,1,R3,5,16840,9916.37
1647,2025-02-02,52,3,R2,1,3937,2620.94
1648,2025-11-04,7,5,R1,5,18535,14603.22
1649,2025-05-12,60,13,R2,7,68964,51124.36
1650,2025-05-26,84,12,R4,4,28928,17965.27
1651,2025-12-29,65,6,R1,3,17751,14146.21
1652,2025-01-25,30,28,R4,8,74936,41941.38
1653,2025-03-03,24,23,R2,2,9106,7236.49
1654,2025-02-18,71,18,R2,7,24535,19346.18
1655,2025-06-13,8,11,R2,2,11848,7762.17
1656,2025-06-15,73,23,R2,5,14160,9314.3
1657,2025-12-10,89,24,R4,8,15952,12329.88
1658,2025-06-18,61,23,R1,5,41320,24810.75
1659,2025-05-18,68,24,R4,8,57632,38136.75
1660,2025-02-03,44,26,R2,5,36890,25160.37
1661,2025-08-16,4,8,R1,7,54124,34294.24
1662,2025-10-01,65,18,R1,5,33840,23797.61
1663,2025-08-13,7,2,R2,3,5727,4047.19
1664,2025-05-19,67,13,R4,5,37065,22099.56
1665,2025-12-08,81,25,R1,1,7134,4128.54
1666,2025-04-25,2,10,R1,6,49398,39179.51
1667,2025-06-26,13,4,R1,5,45335,29282.77
1668,2025-08-16,49,29,R1,8,36592,20807.03
1669,2025-07-03,29,27,R3,7,46214,34547.36
1670,2025-02-22,6,27,R2,2,7306,4841.25
1671,2025-06-16,34,2,R3,6,55524,36683.13
1672,2025-07-08,45,8,R4,6,17802,12033.62
1673,2025-07-07,67,28,R3,3,21696,15109.67
1674,2025-05-19,99,12,R2,7,40516,24483.27
1675,2025-02-14,89,8,R2,7,16702,9817.19
1676,2025-11-27,82,21,R1,5,36565,27643.62
1677,2025-09-27,91,11,R3,2,1996,1305.11
1678,2025-01-08,53,22,R4,5,4740,3078.73
1679,2025-04-16,45,20,R4,7,16695,9278.27
1680,2025-07-24,33,14,R3,5,34080,22522.61
1681,2025-02-28,17,1,R4,8,62992,45341.6
1682,2025-05-30,4,30,R1,1,8057,6379.95
1683,2025-01-25,63,11,R4,1,9593,6612.65
1684,2025-11-27,39,21,R2,7,12131,9938.34
1685,2025-02-22,56,10,R2,4,2784,2038.78
1686,2025-05-24,36,24,R4,3,1824,1331.56
1687,2025-01-28,60,21,R4,2,3108,2157.19
1688,2025-06-30,42,16,R4,3,4701,3644.52
1689,2025-12-01,4,1,R2,7,48678,36844.07
1690,2025-03-09,65,15,R4,6,15846,8787.97
1691,2025-12-27,24,6,R1,5,10170,6977.43
1692,2025-01-19,96,11,R2,7,20573,15204.36
1693,2025-12-24,30,14,R4,2,15700,9089.95
1694,2025-03-19,94,29,R3,6,22968,13531.67
1695,2025-03-05,76,15,R2,4,29628,17179.86
1696,2025-12-25,93,23,R1,3,11454,6445.61
1697,2025-10-26,81,3,R2,5,45820,30510.79
1698,2025-01-31,50,21,R2,5,47285,26789.44
1699,2025-12-27,97,22,R1,8,46768,37329.16
1700,2025-07-12,6,5,R3,7,60571,35856.12
1701,2025-09-10,23,16,R4,5,21480,14331.72
1702,2025-04-19,27,10,R4,4,21016,15672.21
1703,2025-05-21,66,14,R3,8,33912,21602.15
1704,2025-12-19,48,30,R3,3,22182,12354.3
1705,2025-08-14,68,24,R2,5,45180,29748.49
1706,2025-02-03,51,14,R3,6,19392,15869.23
1707,2025-08-28,83,4,R4,5,19765,11698.13
1708,2025-09-16,54,17,R4,3,15192,12309.75
1709,2025-02-24,40,17,R1,6,14316,10305.02
1710,2025-08-04,43,27,R4,7,23499,13862.35
1711,2025-07-06,58,11,R1,8,62360,43133.52
1712,2025-09-03,26,23,R1,2,18564,10839.95
1713,2025-10-01,6,24,R4,7,37702,29481.41
1714,2025-07-28,54,11,R4,6,22518,15192.53
1715,2025-09-22,4,24,R3,6,54018,36914.85
1716,2025-10-25,30,14,R4,2,18928,13867.67
1717,2025-05-05,98,25,R2,5,24110,15081.77
1718,2025-09-29,100,25,R1,1,4181,2890.6
1719,2025-05-06,40,10,R2,3,20805,11836.95
1720,2025-04-29,82,12,R4,2,10064,7510.93
1721,2025-07-08,89,19,R2,3,21579,15418.79
1722,2025-11-28,39,8,R2,3,1269,1030.94
1723,2025-10-08,21,30,R4,4,15916,11900.84
1724,2025-11-11,49,4,R2,6,43872,25396.31
1725,2025-04-28,67,12,R4,4,35620,21938.26
1726,2025-09-08,57,5,R3,4,2660,1988.85
1727,2025-01-10,56,20,R2,7,47705,29570.82
1728,2025-09-02,62,7,R2,1,1869,1464.12
1729,2025-07-07,98,10,R4,6,40458,28162.39
1730,2025-03-13,10,14,R3,7,27867,16777.0
1731,2025-04-26,17,13,R3,4,2576,1569.77
1732,2025-11-08,58,14,R1,3,8958,5372.75
1733,2025-03-29,98,18,R4,8,9248,5598.37
1734,2025-03-13,41,23,R4,6,4086,2868.15
1735,2025-07-08,35,14,R2,2,14094,9399.08
1736,2025-03-20,4,28,R2,6,23730,14627.96
1737,2025-10-14,60,25,R2,1,3247,2596.68
1738,2025-12-26,71,27,R4,7,51499,32948.8
1739,2025-03-28,34,21,R2,5,23730,18823.3
1740,2025-11-22,87,5,R4,3,15900,9892.77
1741,2025-09-14,3,17,R1,4,28100,17420.19
1742,2025-11-21,33,6,R1,8,45400,30120.16
1743,2025-03-08,63,19,R3,2,3130,2320.95
1744,2025-10-14,51,9,R4,4,28036,22359.43
1745,2025-06-30,79,19,R2,8,77672,43557.68
1746,2025-12-15,78,4,R1,2,12844,8500.67
1747,2025-03-17,92,18,R4,5,27420,19583.87
1748,2025-07-29,15,4,R4,5,46055,29119.49
1749,2025-03-24,78,16,R1,7,68348,47152.7
1750,2025-06-28,48,23,R1,7,63427,41981.91
1751,2025-04-30,65,1,R4,4,12808,9001.87
1752,2025-03-11,41,17,R2,7,7875,5221.18
1753,2025-05-07,77,25,R4,3,10494,7805.09
1754,2025-06-26,69,26,R3,7,69076,45369.66
1755,2025-07-03,37,19,R3,5,41195,25499.62
1756,2025-06-03,4,7,R4,1,6181,4464.41
1757,2025-02-17,77,17,R3,1,222,128.87
1758,2025-06-22,36,28,R1,4,28736,19489.83
1759,2025-02-05,40,28,R4,2,604,341.48
1760,2025-11-05,87,15,R3,6,25758,20809.85
1761,2025-03-01,36,5,R2,7,54152,41048.94
1762,2025-10-21,44,30,R4,6,45240,28182.04
1763,2025-07-10,36,19,R3,5,15345,12153.16
1764,2025-02-07,73,14,R3,6,1344,934.69
1765,2025-11-03,58,10,R1,5,48630,39045.4
1766,2025-08-14,67,12,R3,5,24430,18105.45
1767,2025-06-23,24,4,R3,4,38212,25161.39
1768,2025-04-21,48,18,R1,1,9238,7293.84
1769,2025-04-04,72,14,R1,4,31556,20133.26
1770,2025-01-08,70,16,R2,8,61528,49995.77
1771,2025-01-22,61,12,R1,4,27916,21059.38
1772,2025-02-13,22,22,R2,6,45540,36412.08
1773,2025-04-08,43,11,R1,7,12390,9400.42
1774,2025-04-19,77,30,R3,6,53616,38280.25
1775,2025-03-16,73,14,R3,6,36546,26812.46
1776,2025-12-12,25,13,R1,7,41727,27127.65
1777,2025-09-22,13,3,R1,3,16776,10504.71
1778,2025-06-02,9,12,R4,8,70584,57508.08
1779,2025-10-16,52,1,R4,6,10602,6361.35
1780,2025-04-20,17,3,R1,5,3700,2075.53
1781,2025-08-01,12,19,R1,4,33736,22669.67
1782,2025-11-16,3,14,R3,2,18382,13958.84
1783,2025-03-13,96,13,R3,4,24688,13803.4
1784,2025-08-18,16,25,R3,7,7231,5636.94
1785,2025-06-05,56,11,R2,8,43368,32644.96
1786,2025-04-26,28,11,R1,5,12910,10217.52
1787,2025-02-20,32,9,R3,7,47222,33076.26
1788,2025-03-26,8,24,R2,1,8436,5986.66
1789,2025-11-08,1,10,R3,1,6973,4940.08
1790,2025-06-25,95,25,R4,7,26425,16945.66
1791,2025-11-17,33,15,R1,8,49232,33489.85
1792,2025-09-10,85,26,R2,5,30410,20784.86
1793,2025-04-29,71,10,R3,3,21042,16842.63
1794,2025-03-30,56,5,R3,8,75208,53014.36
1795,2025-02-22,85,26,R2,4,4556,2552.83
1796,2025-08-30,5,22,R4,1,9848,5606.36
1797,2025-01-23,18,2,R3,8,35632,22853.38
1798,2025-09-27,83,23,R4,6,9582,6129.01
1799,2025-04-25,91,14,R1,7,28847,22776.22
1800,2025-07-19,22,1,R1,4,26292,20779.35
1801,2025-12-28,30,3,R4,5,33335,26353.69
1802,2025-06-25,4,2,R2,7,31668,18990.54
1803,2025-04-25,74,21,R1,3,15888,9744.74
1804,2025-12-27,54,20,R2,6,7848,4653.78
1805,2025-06-21,86,21,R3,5,39505,29108.2
1806,2025-03-15,2,21,R1,4,8200,6609.0
1807,2025-07-16,65,7,R3,7,41685,33592.06
1808,2025-08-12,66,30,R4,7,15617,12463.61
1809,2025-05-26,66,12,R2,4,17572,13347.51
1810,2025-02-05,14,21,R3,6,50736,30252.74
1811,2025-11-23,88,27,R4,8,69808,48050.73
1812,2025-07-06,31,12,R2,6,31740,19527.37
1813,2025-05-02,55,28,R1,3,26112,15736.96
1814,2025-09-07,15,26,R1,4,32416,24224.52
1815,2025-01-06,66,8,R4,8,37808,26623.67
1816,2025-09-28,45,8,R1,1,7072,5364.76
1817,2025-08-11,67,25,R2,8,43464,33388.32
1818,2025-01-21,26,26,R4,2,19618,15598.01
1819,2025-06-18,44,8,R4,7,32697,24521.44
1820,2025-12-16,83,12,R3,7,22652,17329.11
1821,2025-09-30,78,4,R3,5,38230,28201.53
1822,2025-08-26,57,19,R3,3,15651,11758.17
1823,2025-09-22,12,10,R4,7,27790,22362.0
1824,2025-05-24,50,21,R3,1,5638,3752.11
1825,2025-07-21,20,2,R4,1,4742,2729.3
1826,2025-06-10,98,28,R4,3,12858,7528.6
1827,2025-10-27,70,25,R4,6,21600,17164.45
1828,2025-11-16,12,11,R1,7,18886,10907.53
1829,2025-08-26,84,26,R2,8,32680,24711.73
1830,2025-08-02,77,28,R4,7,68271,41442.82
1831,2025-04-18,37,23,R2,5,19955,11538.26
1832,2025-07-17,88,15,R3,7,45591,32526.15
1833,2025-12-04,56,24,R3,8,53768,32802.39
1834,2025-12-11,20,15,R4,4,34256,19820.07
1835,2025-09-01,15,6,R3,5,8120,6182.26
1836,2025-07-27,43,13,R1,8,29352,23490.8
1837,2025-06-25,81,5,R4,8,49528,32912.47
1838,2025-12-06,87,18,R3,6,46572,31707.46
1839,2025-08-12,52,19,R4,2,808,547.06
1840,2025-05-31,73,6,R1,8,64120,46861.58
1841,2025-08-04,100,7,R2,1,9514,7707.88
1842,2025-10-03,49,12,R4,8,46536,28677.25
1843,2025-02-03,44,28,R1,5,33760,23714.01
1844,2025-08-24,2,5,R3,6,38316,30419.48
1845,2025-05-15,45,4,R3,2,3946,3026.63
1846,2025-10-11,23,13,R3,1,8502,4877.12
1847,2025-06-05,66,7,R4,4,9880,7317.26
1848,2025-07-17,12,15,R3,4,24944,15758.0
1849,2025-05-20,25,10,R3,7,65688,36934.34
1850,2025-12-14,79,6,R4,6,16272,11769.35
1851,2025-01-16,1,13,R2,1,1254,1021.61
1852,2025-06-25,44,30,R1,3,4917,2869.33
1853,2025-08-14,85,3,R4,7,27034,15236.61
1854,2025-10-23,99,17,R4,1,5224,3202.72
1855,2025-05-22,18,10,R3,8,60576,39614.48
1856,2025-12-08,69,1,R1,6,42054,24725.65
1857,2025-01-22,65,28,R2,5,5480,3264.76
1858,2025-05-06,11,28,R3,5,24800,15554.15
1859,2025-09-21,42,11,R2,7,13916,11029.74
1860,2025-01-01,27,13,R3,4,34700,23249.44
1861,2025-05-16,83,8,R1,2,15318,11833.11
1862,2025-08-10,45,17,R3,7,7777,5361.72
1863,2025-07-18,42,5,R4,5,7510,5136.6
1864,2025-06-08,31,15,R1,2,3222,2561.81
1865,2025-02-12,51,30,R1,1,9957,7979.52
1866,2025-04-16,44,26,R4,7,21056,12086.64
1867,2025-09-17,96,11,R2,3,20712,12690.42
1868,2025-01-21,8,25,R1,2,18890,10887.31
1869,2025-06-28,21,22,R1,5,39255,22260.93
1870,2025-07-13,14,8,R4,7,28140,20516.6
1871,2025-03-25,74,24,R4,6,6312,4722.49
1872,2025-03-18,60,24,R2,4,17452,13397.47
1873,2025-02-07,12,30,R2,6,3594,2119.6
1874,2025-06-24,84,27,R3,5,11580,8873.24
1875,2025-10-24,32,8,R2,7,28378,16695.57
1876,2025-11-15,92,20,R2,4,28784,17180.26
1877,2025-07-11,48,7,R3,4,7024,4991.88
1878,2025-05-31,62,6,R1,2,1766,1037.18
1879,2025-04-16,75,5,R4,3,1161,753.66
1880,2025-12-19,83,3,R1,5,11830,9636.49
1881,2025-09-20,89,17,R2,5,41000,28529.42
1882,2025-10-12,63,18,R3,8,19104,11535.17
1883,2025-08-27,77,28,R1,6,46710,31479.21
1884,2025-11-19,33,27,R3,4,32880,23790.11
1885,2025-02-02,98,26,R4,8,32752,21505.81
1886,2025-04-23,18,1,R2,7,19880,14695.75
1887,2025-05-10,97,1,R3,3,18438,10990.9
1888,2025-05-21,90,20,R4,2,11222,8799.51
1889,2025-08-09,59,6,R1,3,17763,12001.16
1890,2025-06-07,14,11,R3,4,6316,3480.38
1891,2025-07-12,49,19,R2,8,12448,7127.08
1892,2025-01-05,40,17,R4,3,18021,11267.72
1893,2025-03-03,25,5,R2,3,22686,13979.67
1894,2025-02-03,43,4,R3,2,3276,2424.31
1895,2025-03-14,62,11,R2,8,70016,50894.58
1896,2025-06-16,12,2,R1,8,38224,26719.93
1897,2025-11-14,51,25,R2,4,8096,6067.3
1898,2025-03-14,26,9,R3,3,627,456.19
1899,2025-02-26,70,16,R3,7,15834,11348.48
1900,2025-01-31,80,29,R1,1,5312,3800.12
1901,2025-11-27,5,24,R1,1,592,340.05
1902,2025-10-10,50,2,R2,8,31968,24843.64
1903,2025-05-16,17,3,R2,4,29808,22393.81
1904,2025-05-09,16,14,R3,4,39276,26006.78
1905,2025-03-13,53,29,R1,7,14672,9569.59
1906,2025-01-20,29,19,R3,7,2807,2205.57
1907,2025-04-24,67,24,R2,1,3152,2351.16
1908,2025-04-15,97,28,R4,4,19556,13306.63
1909,2025-09-15,74,11,R2,3,19482,14172.77
1910,2025-03-15,39,6,R3,2,2350,1825.3
1911,2025-11-21,71,26,R2,6,26700,21505.45
1912,2025-01-22,47,10,R1,4,12724,8644.4
1913,2025-07-24,26,23,R3,6,13518,10167.07
1914,2025-05-21,30,25,R4,2,7994,5858.07
1915,2025-05-12,43,18,R1,4,37792,27250.74
1916,2025-12-04,8,17,R4,7,24416,13612.27
1917,2025-12-06,1,12,R2,2,14026,7939.88
1918,2025-05-03,37,2,R2,3,28068,17464.61
1919,2025-05-10,36,12,R2,8,49248,28946.53
1920,2025-09-30,73,17,R2,5,8045,4920.73
1921,2025-01-21,41,18,R3,1,5785,3662.09
1922,2025-01-16,53,29,R4,7,25550,17446.79
1923,2025-02-21,83,29,R1,1,9200,5517.23
1924,2025-11-02,82,2,R1,4,27588,21074.64
1925,2025-01-08,25,21,R1,3,29241,22809.45
1926,2025-10-06,58,2,R2,4,24680,16778.26
1927,2025-03-20,43,29,R1,6,18708,11582.64
1928,2025-03-12,37,26,R4,2,4992,3696.26
1929,2025-04-19,74,25,R1,4,33344,25030.52
1930,2025-06-30,73,20,R3,6,22074,14759.86
1931,2025-06-04,88,1,R2,7,6951,5292.14
1932,2025-03-14,84,4,R1,2,9628,7474.12
1933,2025-11-01,69,6,R3,4,6424,4500.86
1934,2025-10-15,51,19,R3,7,36617,22797.69
1935,2025-11-21,36,7,R1,4,31496,17873.7
1936,2025-04-23,27,21,R1,8,4952,3501.0
1937,2025-07-03,97,28,R1,1,585,327.81
1938,2025-04-16,48,25,R3,2,7416,5141.38
1939,2025-06-18,5,5,R3,2,8462,6723.09
1940,2025-01-20,23,8,R3,5,4970,3389.96
1941,2025-09-14,58,9,R1,7,22155,17036.92
1942,2025-03-12,71,18,R3,1,4848,3689.22
1943,2025-05-11,39,29,R4,8,71024,55179.86
1944,2025-11-14,77,18,R2,6,46200,27047.0
1945,2025-04-01,32,23,R1,7,65072,41117.37
1946,2025-07-15,59,17,R2,4,8924,5921.17
1947,2025-07-27,19,24,R1,8,57168,40325.73
1948,2025-09-27,55,27,R2,5,40150,22739.97
1949,2025-05-12,26,25,R3,4,20648,12041.64
1950,2025-03-28,100,3,R1,3,12531,8588.67
1951,2025-06-18,76,23,R2,8,8832,5221.64
1952,2025-01-10,34,9,R2,7,30303,23758.11
1953,2025-01-12,35,11,R2,2,13690,8749.04
1954,2025-02-22,2,27,R2,8,25528,14436.39
1955,2025-05-31,32,7,R2,5,23355,13709.78
1956,2025-10-01,33,10,R3,4,31512,18451.58
1957,2025-09-21,52,30,R4,6,17406,12145.39
1958,2025-01-16,82,27,R1,4,8952,7132.9
1959,2025-09-30,59,14,R3,3,19125,15145.31
1960,2025-10-13,52,15,R1,2,524,326.65
1961,2025-04-30,60,10,R1,7,46116,30436.7
1962,2025-03-21,1,28,R4,7,30898,18117.64
1963,2025-11-22,74,24,R1,7,29421,22065.41
1964,2025-01-19,45,28,R3,8,43880,34013.67
1965,2025-02-13,56,8,R4,4,10160,6044.36
1966,2025-03-30,33,10,R4,7,64659,42249.45
1967,2025-08-24,5,27,R3,6,51150,29774.7
1968,2025-08-15,62,22,R4,8,66336,47194.79
1969,2025-01-31,88,19,R3,6,28926,16937.23
1970,2025-12-16,69,9,R4,3,27819,16522.71
1971,2025-11-30,91,2,R1,8,43712,34041.94
1972,2025-06-26,35,15,R4,2,15934,9134.9
1973,2025-03-14,3,17,R1,7,12341,8289.27
1974,2025-01-01,18,30,R3,1,5785,4261.65
1975,2025-07-18,7,4,R2,5,17705,10518.23
1976,2025-11-24,47,30,R2,4,35800,21737.71
1977,2025-04-04,89,23,R2,4,36488,21477.72
1978,2025-04-17,31,8,R4,1,4095,2740.65
1979,2025-03-21,31,16,R3,7,49420,30096.54
1980,2025-06-28,7,11,R1,8,2232,1355.58
1981,2025-05-12,7,10,R4,4,20864,15966.58
1982,2025-10-06,55,19,R3,1,5881,3482.88
1983,2025-03-15,67,7,R4,6,39492,22815.69
1984,2025-11-12,22,7,R1,8,66760,48943.63
1985,2025-10-27,100,9,R4,6,22068,13747.18
1986,2025-03-23,89,12,R3,5,22285,12759.99
1987,2025-04-03,77,29,R3,8,32216,25087.76
1988,2025-08-14,32,6,R2,3,12237,6842.43
1989,2025-08-27,35,14,R1,7,33558,20486.75
1990,2025-01-25,50,1,R2,3,12264,8976.58
1991,2025-07-27,36,26,R2,5,21085,17264.19
1992,2025-06-30,62,15,R2,8,72856,47198.12
1993,2025-04-29,96,17,R2,8,27312,20380.52
1994,2025-04-22,29,19,R3,6,30888,20680.42
1995,2025-12-19,49,23,R4,8,67752,46779.17
1996,2025-12-29,49,9,R3,4,26216,17723.67
1997,2025-05-12,27,26,R3,1,4467,2587.67
1998,2025-03-14,76,9,R3,4,6004,3914.87
1999,2025-07-26,79,3,R4,8,37088,29304.08
2000,2025-06-05,30,24,R4,7,65576,45789.2
2001,2025-04-28,38,9,R1,8,75552,44694.07
2002,2025-05-13,38,4,R2,4,1764,1154.29
2003,2025-09-08,76,19,R2,7,17871,14354.76
2004,2025-01-19,74,26,R2,5,32000,20382.82
2005,2025-06-03,14,25,R3,1,4410,3204.03
2006,2025-11-22,29,2,R1,1,3234,2595.21
2007,2025-10-30,84,26,R3,5,33905,27012.44
2008,2025-08-28,96,13,R2,5,20870,15270.82
2009,2025-04-18,16,18,R3,4,20888,13149.55
2010,2025-06-08,96,30,R2,2,11952,7213.05
2011,2025-02-03,67,1,R3,2,11368,7288.15
2012,2025-08-17,75,16,R3,3,17280,10839.73
2013,2025-02-16,59,1,R1,8,27112,21016.31
2014,2025-03-20,23,3,R2,2,18586,13936.52
2015,2025-12-31,71,28,R1,5,17490,10462.67
2016,2025-02-10,19,26,R4,2,18468,11090.43
2017,2025-12-04,61,6,R4,3,17166,9865.83
2018,2025-09-06,49,18,R3,1,5081,3281.24
2019,2025-02-06,59,18,R2,3,16872,11321.26
2020,2025-11-29,86,26,R2,6,9978,7474.42
2021,2025-02-19,45,23,R2,1,5945,4635.73
2022,2025-03-27,67,7,R1,4,21700,14904.32
2023,2025-11-27,4,19,R4,4,14040,8901.21
2024,2025-02-21,76,27,R4,6,56100,33841.89
2025,2025-06-20,25,6,R2,2,4274,3283.05
2026,2025-02-27,16,8,R3,6,42024,28537.29
2027,2025-04-10,55,5,R3,7,45304,34853.86
2028,2025-05-07,1,13,R3,5,7885,5275.59
2029,2025-07-30,96,7,R2,7,45171,31370.35
2030,2025-09-10,53,10,R4,1,7250,5117.43
2031,2025-07-27,37,28,R4,6,23028,16432.53
2032,2025-03-11,64,16,R1,8,61880,48276.83
2033,2025-04-19,20,6,R4,8,41360,23195.43
2034,2025-06-15,12,12,R1,3,6846,4171.91
2035,2025-09-30,35,23,R1,1,8355,5425.91
2036,2025-07-25,89,27,R2,4,31352,23641.78
2037,2025-09-07,7,26,R2,6,54516,42757.25
2038,2025-10-14,22,29,R4,1,448,323.07
2039,2025-02-16,75,8,R4,7,15218,12019.06
2040,2025-09-17,37,9,R4,8,17744,10942.41
2041,2025-10-29,91,23,R4,5,43315,34961.46
2042,2025-01-10,79,6,R2,8,7704,5999.97
2043,2025-05-07,42,19,R4,4,24604,17634.32
2044,2025-09-12,41,26,R4,6,35592,26146.84
2045,2025-03-22,82,21,R3,7,59696,48338.23
2046,2025-03-01,32,24,R1,6,46404,30019.29
2047,2025-01-11,13,14,R2,3,13362,9419.73
2048,2025-11-13,1,9,R2,7,38759,24667.54
2049,2025-02-15,26,8,R4,7,39641,23320.17
2050,2025-04-16,67,22,R3,5,17930,11461.37
2051,2025-06-21,47,13,R4,8,33072,26631.07
2052,2025-12-09,96,10,R2,8,6656,5018.2
2053,2025-07-22,100,11,R3,1,7736,5498.63
2054,2025-10-24,60,29,R4,4,15240,12235.08
2055,2025-04-05,77,22,R2,6,55128,42163.65
2056,2025-07-29,98,24,R3,2,8958,6169.1
2057,2025-02-08,1,15,R2,5,14120,8574.51
2058,2025-10-13,54,17,R3,3,8088,5465.95
2059,2025-08-18,94,13,R2,1,6481,3764.52
2060,2025-04-10,18,11,R2,4,32428,22750.39
2061,2025-01-18,67,23,R3,2,4192,2572.33
2062,2025-11-12,45,19,R1,1,8810,5907.7
2063,2025-06-18,72,14,R2,6,18096,13459.54
2064,2025-07-23,52,17,R4,4,35040,25222.25
2065,2025-09-03,33,1,R1,4,38564,28522.25
2066,2025-08-27,67,9,R1,2,14124,9474.46
2067,2025-07-16,15,20,R2,6,39840,23553.07
2068,2025-04-15,65,21,R3,3,21750,17408.93
2069,2025-11-20,34,10,R4,1,5851,3928.52
2070,2025-03-18,77,8,R2,5,9795,8010.8
2071,2025-08-06,29,18,R2,8,45296,28571.74
2072,2025-12-11,74,12,R3,5,50000,35837.48
2073,2025-02-21,8,10,R1,2,17610,12032.26
2074,2025-09-28,37,11,R1,8,10712,8262.6
2075,2025-12-14,95,9,R3,1,8941,5485.45
2076,2025-01-15,62,4,R2,2,8022,6361.48
2077,2025-01-11,49,23,R4,6,50112,37410.29
2078,2025-08-25,21,20,R1,7,63490,51687.06
2079,2025-05-08,25,15,R2,2,10294,6536.49
2080,2025-01-12,20,21,R2,2,1434,870.55
2081,2025-04-14,37,28,R3,2,1232,689.89
2082,2025-03-12,52,4,R3,8,60464,38578.87
2083,2025-03-25,2,23,R4,2,1856,1481.54
2084,2025-12-03,83,21,R4,3,14145,9598.29
2085,2025-04-28,72,26,R4,6,2346,1734.1
2086,2025-05-17,24,17,R1,1,453,341.56
2087,2025-02-07,90,4,R2,3,19311,13542.29
2088,2025-10-03,31,25,R3,4,35144,21782.68
2089,2025-08-02,84,20,R3,2,15770,12063.38
2090,2025-10-31,55,30,R1,8,60080,45742.32
2091,2025-04-09,42,8,R4,1,7401,4622.68
2092,2025-06-02,35,20,R3,2,7694,5452.86
2093,2025-09-07,95,2,R3,5,44770,26485.15
2094,2025-10-19,38,3,R4,4,30304,21306.54
2095,2025-08-06,10,20,R4,8,17448,12926.01
2096,2025-07-10,23,18,R4,6,13998,10175.49
2097,2025-08-17,77,15,R4,5,24810,20051.59
2098,2025-04-22,25,4,R3,6,52170,34328.97
2099,2025-01-06,85,12,R1,4,15212,11049.32
2100,2025-06-29,5,26,R2,5,41105,22709.59
2101,2025-09-10,89,9,R1,2,13930,9898.57
2102,2025-04-26,30,8,R4,3,15000,10235.12
2103,2025-04-26,47,9,R2,7,20818,15580.4
2104,2025-07-04,26,4,R1,5,8775,5698.4
2105,2025-10-10,24,9,R4,7,54593,30149.32
2106,2025-10-23,94,8,R2,4,22660,13276.52
2107,2025-11-09,92,24,R2,6,32574,20227.86
2108,2025-05-01,88,4,R1,5,4715,2996.92
2109,2025-01-04,31,17,R2,6,21582,14656.63
2110,2025-01-29,22,26,R2,5,8730,5187.36
2111,2025-04-15,73,5,R3,6,39906,27640.04
2112,2025-03-02,10,16,R1,2,11118,7491.57
2113,2025-09-20,24,28,R4,7,57050,42339.39
2114,2025-08-25,81,7,R3,5,28780,22556.85
2115,2025-12-13,2,3,R2,7,31976,23930.01
2116,2025-01-17,75,20,R2,4,21792,16947.39
2117,2025-03-22,2,15,R1,4,5844,3439.58
2118,2025-12-05,13,8,R3,3,16728,11517.47
2119,2025-01-20,72,23,R3,2,12786,7348.42
2120,2025-11-20,11,8,R3,3,18360,14578.96
2121,2025-06-22,66,18,R3,8,11304,7888.77
2122,2025-08-04,57,9,R3,7,9926,6441.28
2123,2025-09-13,81,25,R1,7,35658,24531.03
2124,2025-09-11,62,4,R3,7,63119,44297.07
2125,2025-11-16,67,11,R4,5,44195,33823.9
2126,2025-10-20,5,2,R2,6,22308,13033.82
2127,2025-10-25,94,28,R2,1,2707,2210.15
2128,2025-04-10,89,18,R3,8,6504,4166.64
2129,2025-03-03,35,2,R3,8,67032,52801.52
2130,2025-08-07,64,19,R3,7,8778,4868.21
2131,2025-01-24,85,17,R2,3,10710,6600.84
2132,2025-01-27,55,21,R2,7,41377,23465.3
2133,2025-12-29,41,11,R4,3,7686,5893.33
2134,2025-12-20,86,4,R4,4,8840,6934.47
2135,2025-06-28,2,10,R4,2,14548,8755.33
2136,2025-09-28,65,23,R4,3,3252,2166.21
2137,2025-03-27,52,15,R1,3,2529,1761.3
2138,2025-03-09,61,14,R2,2,18450,11610.44
2139,2025-01-28,62,6,R2,3,21351,17037.6
2140,2025-03-17,2,30,R4,1,6222,4529.61
2141,2025-10-01,77,24,R2,8,76280,47481.76
2142,2025-08-25,33,2,R4,8,30088,19330.3
2143,2025-09-08,72,11,R3,3,6366,4742.21
2144,2025-03-27,14,27,R2,2,18112,10300.2
2145,2025-02-21,46,8,R3,6,38154,24782.63
2146,2025-03-19,62,8,R2,8,35760,25546.71
2147,2025-03-16,66,24,R3,6,32166,21289.61
2148,2025-09-29,22,5,R3,2,8060,6325.83
2149,2025-07-21,80,17,R1,7,27405,17820.77
2150,2025-03-19,39,16,R4,4,21992,12964.29
2151,2025-07-11,76,12,R1,5,25725,18646.7
2152,2025-08-25,82,4,R1,7,64085,38666.09
2153,2025-05-31,63,22,R3,7,3360,2711.5
2154,2025-04-28,43,17,R3,7,3612,2602.95
2155,2025-04-20,92,4,R1,6,6618,4014.75
2156,2025-10-10,99,21,R2,3,26901,17074.22
2157,2025-08-29,46,14,R3,4,6064,4215.67
2158,2025-08-05,84,26,R2,1,1542,925.85
2159,2025-05-30,17,18,R3,5,39310,23682.8
2160,2025-07-25,78,28,R4,5,5280,3400.85
2161,2025-09-07,52,2,R4,7,32935,24438.61
2162,2025-01-19,84,10,R3,7,3843,2892.29
2163,2025-09-15,39,6,R3,2,18704,13495.97
2164,2025-11-21,59,24,R3,6,47568,36010.84
2165,2025-10-26,33,19,R2,4,32524,26237.45
2166,2025-02-09,14,19,R4,4,7764,4891.42
2167,2025-05-20,55,16,R1,1,2023,1155.26
2168,2025-04-30,79,26,R1,6,17154,11493.82
2169,2025-12-06,22,8,R4,2,3588,2725.52
2170,2025-09-24,92,27,R1,5,39040,29527.08
2171,2025-06-14,72,11,R1,2,8036,6271.65
2172,2025-09-25,71,4,R4,4,29092,18727.52
2173,2025-09-17,97,12,R2,5,3730,3026.8
2174,2025-11-18,29,6,R2,4,5660,3488.1
2175,2025-02-27,7,5,R1,2,5076,3676.24
2176,2025-11-17,3,20,R1,1,412,282.1
2177,2025-02-10,7,27,R4,1,5477,4423.34
2178,2025-03-31,78,4,R1,6,15312,11357.5
2179,2025-01-29,17,25,R2,5,37945,22332.34
2180,2025-01-11,98,18,R1,7,68404,55619.69
2181,2025-07-24,9,10,R3,4,2208,1442.74
2182,2025-11-02,64,13,R2,2,15400,10359.34
2183,2025-03-13,20,23,R1,1,2490,1485.65
2184,2025-02-05,37,25,R3,2,2404,1845.9
2185,2025-04-16,66,8,R2,7,58996,41977.93
2186,2025-10-20,76,30,R3,4,10648,7534.05
2187,2025-08-06,2,4,R4,8,74176,59559.41
2188,2025-04-18,4,19,R4,8,76768,61179.31
2189,2025-08-28,48,24,R1,4,32948,26352.86
2190,2025-04-14,26,16,R2,7,52087,30884.19
2191,2025-04-06,39,20,R3,2,12494,9019.22
2192,2025-06-12,70,4,R4,4,28784,21854.67
2193,2025-01-23,58,22,R2,4,28164,21552.65
2194,2025-01-30,39,6,R2,8,45568,33088.97
2195,2025-08-03,8,19,R2,1,6951,4446.37
2196,2025-07-15,74,14,R3,8,34336,23201.43
2197,2025-08-02,92,27,R3,3,11712,9005.05
2198,2025-03-27,39,24,R3,6,52770,42052.0
2199,2025-09-06,47,28,R2,3,20475,12563.75
2200,2025-08-27,58,16,R3,8,52272,31607.08
2201,2025-02-04,18,27,R4,6,6234,4835.56
2202,2025-12-09,14,14,R1,8,63112,41990.7
2203,2025-11-26,69,7,R2,7,14434,11013.0
2204,2025-05-02,65,23,R1,5,14215,9697.59
2205,2025-12-21,61,5,R2,6,30300,21740.79
2206,2025-02-17,35,27,R4,4,37448,23532.86
2207,2025-10-10,21,20,R3,7,36575,22466.84
2208,2025-12-08,6,22,R3,5,48095,35809.31
2209,2025-12-01,1,20,R2,7,4256,3469.79
2210,2025-08-21,79,18,R1,8,49376,39135.39
2211,2025-12-27,52,7,R4,5,5240,3102.81
2212,2025-02-22,6,16,R3,3,25590,20780.15
2213,2025-04-12,22,19,R3,8,20176,11741.17
2214,2025-08-03,21,2,R1,5,13960,10115.32
2215,2025-03-01,64,17,R2,1,3367,1939.61
2216,2025-06-14,4,22,R2,5,15165,11850.52
2217,2025-04-08,77,12,R1,1,3217,2041.04
2218,2025-07-24,29,10,R1,5,17240,13645.08
2219,2025-02-13,95,26,R4,7,65065,36009.34
2220,2025-12-22,18,15,R4,1,9789,7386.17
2221,2025-01-05,29,21,R3,8,53288,42490.59
2222,2025-11-18,98,2,R2,1,4382,2478.12
2223,2025-04-08,97,18,R4,5,31690,20289.08
2224,2025-06-11,81,6,R4,7,67893,47273.05
2225,2025-04-10,2,15,R3,3,14685,8293.68
2226,2025-08-08,89,11,R4,7,51996,41014.76
2227,2025-08-13,88,16,R3,4,35812,26015.48
2228,2025-10-19,59,2,R2,4,29024,21596.69
2229,2025-09-26,93,13,R3,5,7240,5449.4
2230,2025-10-11,9,30,R2,3,12030,8788.41
2231,2025-06-17,74,8,R2,3,19740,12214.67
2232,2025-09-14,51,25,R1,6,32694,23614.41
2233,2025-05-17,85,1,R2,5,39965,25262.45
2234,2025-04-08,55,30,R1,8,8944,5885.87
2235,2025-03-13,7,4,R4,3,9021,5738.73
2236,2025-01-26,99,10,R4,4,34144,18940.71
2237,2025-12-03,2,20,R3,1,8175,6462.12
2238,2025-03-01,13,6,R4,4,19924,11122.83
2239,2025-12-28,92,21,R2,1,7821,5514.84
2240,2025-06-07,8,12,R2,7,66255,48743.55
2241,2025-11-14,90,28,R1,3,23985,18005.65
2242,2025-03-24,8,11,R3,1,5116,4125.11
2243,2025-09-19,77,4,R1,1,6773,4186.47
2244,2025-10-27,8,1,R4,6,51756,38688.39
2245,2025-07-12,90,6,R1,2,1466,971.9
2246,2025-10-08,69,23,R2,4,1852,1429.73
2247,2025-11-08,63,16,R2,5,34515,21528.71
2248,2025-07-11,95,26,R1,5,43335,32848.72
2249,2025-12-01,78,24,R3,4,8248,5604.45
2250,2025-12-11,78,13,R2,6,41832,28967.03
2251,2025-09-14,21,23,R2,8,7720,6084.49
2252,2025-01-10,59,15,R3,6,51942,29828.61
2253,2025-01-03,11,15,R2,3,10035,6949.76
2254,2025-10-13,63,23,R1,2,10530,8203.44
2255,2025-08-24,2,14,R3,7,36624,23027.83
2256,2025-04-17,77,16,R2,5,27680,17592.14
2257,2025-08-24,25,17,R3,6,2664,1542.37
2258,2025-01-31,25,14,R3,4,4588,3396.71
2259,2025-08-14,63,23,R2,5,20415,13319.42
2260,2025-02-01,82,4,R4,6,22056,14265.67
2261,2025-11-04,31,16,R4,6,48264,35988.81
2262,2025-02-10,32,18,R2,4,21688,12644.24
2263,2025-06-04,29,19,R2,8,69152,42948.98
2264,2025-06-09,68,15,R4,7,8386,5686.18
2265,2025-10-23,40,10,R2,3,11574,9466.82
2266,2025-03-23,76,22,R1,3,4035,2854.66
2267,2025-09-19,67,11,R4,2,6288,5127.42
2268,2025-03-31,48,13,R2,5,20630,13225.67
2269,2025-11-02,42,26,R4,8,20704,13842.44
2270,2025-06-12,84,2,R3,2,6396,3851.87
2271,2025-05-23,71,3,R2,7,11214,6469.42
2272,2025-04-05,76,19,R4,3,18168,11768.67
2273,2025-04-23,58,1,R3,3,24444,19356.76
2274,2025-04-07,66,14,R3,7,43827,34449.74
2275,2025-01-22,95,10,R3,1,745,478.05
2276,2025-09-01,12,1,R2,8,13616,8623.41
2277,2025-12-26,72,14,R3,5,22295,12784.99
2278,2025-12-08,33,30,R2,8,66624,43592.3
2279,2025-12-23,75,14,R1,8,52944,37693.64
2280,2025-03-08,39,12,R2,8,71696,43494.03
2281,2025-10-21,63,8,R2,6,4494,2917.39
2282,2025-04-16,28,10,R3,1,4177,3139.02
2283,2025-01-03,77,14,R1,6,14994,9618.87
2284,2025-08-27,70,5,R2,7,46795,27929.59
2285,2025-03-19,65,8,R1,2,2506,1766.03
2286,2025-07-30,48,1,R3,3,1557,883.79
2287,2025-08-24,37,10,R3,3,7020,5360.16
2288,2025-07-09,41,26,R3,3,29238,20085.16
2289,2025-07-11,54,30,R1,3,18933,12069.89
2290,2025-10-02,56,4,R1,4,4416,2699.22
2291,2025-06-29,68,11,R2,5,4755,2672.61
2292,2025-03-16,36,27,R2,3,4299,3116.88
2293,2025-06-29,29,26,R3,8,7816,5829.99
2294,2025-07-21,89,21,R2,6,34776,25543.9
2295,2025-03-14,77,15,R1,2,3414,2604.61
2296,2025-12-07,55,14,R2,6,59460,37367.26
2297,2025-10-04,100,16,R2,6,30642,20096.28
2298,2025-04-06,37,19,R2,5,13755,8108.58
2299,2025-06-13,12,30,R1,5,39065,31558.61
2300,2025-07-09,94,3,R1,3,23469,18979.06
2301,2025-06-01,23,13,R2,5,20290,15796.03
2302,2025-11-25,29,25,R4,7,18158,10319.03
2303,2025-07-21,79,25,R4,7,10780,7863.98
2304,2025-02-27,45,30,R1,1,3038,2408.64
2305,2025-09-12,52,18,R2,5,3390,2669.89
2306,2025-08-19,100,10,R4,2,19696,11823.79
2307,2025-03-14,30,29,R1,1,1046,771.35
2308,2025-07-08,26,3,R3,4,26384,18472.06
2309,2025-12-05,8,11,R2,7,64827,45392.92
2310,2025-04-28,50,9,R1,2,2746,1923.53
2311,2025-06-08,30,27,R4,7,28497,21388.33
2312,2025-07-28,31,1,R3,5,47550,33134.27
2313,2025-05-25,43,4,R3,5,35510,28625.6
2314,2025-07-27,94,9,R4,7,43862,30677.22
2315,2025-08-08,43,3,R3,2,1600,1104.88
2316,2025-10-05,8,20,R2,5,34915,19955.24
2317,2025-07-06,5,7,R4,1,9955,6172.5
2318,2025-09-01,28,7,R4,5,34260,22718.16
2319,2025-10-23,53,7,R3,2,6956,5669.33
2320,2025-08-06,97,11,R2,2,10046,7904.7
2321,2025-06-17,55,13,R1,6,57654,42687.51
2322,2025-05-13,26,3,R1,8,63408,51418.78
2323,2025-08-10,86,9,R3,3,23532,16635.62
2324,2025-04-08,10,25,R2,8,46080,37411.43
2325,2025-08-19,41,1,R1,8,21928,14147.27
2326,2025-09-25,67,13,R2,7,3031,1683.86
2327,2025-02-10,92,11,R1,6,23040,15121.96
2328,2025-03-22,31,23,R1,3,18657,13769.72
2329,2025-03-12,37,30,R4,5,11155,7193.59
2330,2025-10-16,46,11,R3,5,7635,5282.87
2331,2025-09-21,98,7,R1,2,1152,677.2
2332,2025-05-23,22,2,R2,6,21636,14957.8
2333,2025-05-15,2,29,R3,4,17528,11399.98
2334,2025-01-27,42,23,R2,4,30620,23574.27
2335,2025-03-19,19,17,R1,4,8348,4996.48
2336,2025-09-25,57,27,R4,7,17563,11520.41
2337,2025-10-21,9,27,R2,3,16842,10991.81
2338,2025-03-13,53,15,R1,1,3887,2698.01
2339,2025-12-30,58,23,R1,3,11757,6750.0
2340,2025-07-24,54,5,R3,2,14902,8515.74
2341,2025-08-27,69,20,R3,7,55503,36487.74
2342,2025-10-09,90,25,R2,7,65800,39242.72
2343,2025-09-02,6,15,R2,7,23247,13292.93
2344,2025-11-15,62,4,R2,6,8460,4985.8
2345,2025-05-19,40,13,R1,4,3300,2365.7
2346,2025-09-21,77,4,R2,7,10416,8412.02
2347,2025-10-26,1,2,R4,7,6181,4958.97
2348,2025-08-03,5,9,R3,8,50840,31405.83
2349,2025-06-08,84,4,R4,6,1422,791.87
2350,2025-05-22,89,21,R4,7,68159,44494.48
2351,2025-11-07,3,3,R2,1,299,182.88
2352,2025-03-16,10,25,R1,7,27552,20752.06
2353,2025-12-18,50,16,R4,4,30076,24021.33
2354,2025-07-25,37,19,R2,6,29070,19077.06
2355,2025-03-02,84,3,R2,2,12094,7290.24
2356,2025-07-14,77,7,R4,7,34258,23104.45
2357,2025-07-13,11,25,R4,5,11455,7804.9
2358,2025-12-14,83,2,R3,3,4557,3698.73
2359,2025-07-30,63,1,R2,8,13152,10197.43
2360,2025-08-24,60,21,R3,4,25948,20079.67
2361,2025-12-11,50,4,R3,3,25014,15408.7
2362,2025-05-09,37,26,R2,2,14162,9781.53
2363,2025-04-25,17,6,R1,2,10604,6750.57
2364,2025-05-08,5,29,R4,3,29211,17935.19
2365,2025-10-15,86,8,R2,6,31008,20278.31
2366,2025-12-24,25,4,R2,6,41082,30670.53
2367,2025-01-05,30,24,R1,1,4686,3580.16
2368,2025-01-01,38,8,R1,2,18068,14800.9
2369,2025-10-30,12,21,R3,3,1230,750.64
2370,2025-10-19,57,17,R4,6,53898,40731.5
2371,2025-12-23,47,20,R3,2,16806,13731.59
2372,2025-02-22,45,14,R4,4,6588,5369.51
2373,2025-08-25,46,15,R3,4,23400,18237.59
2374,2025-06-01,82,5,R4,2,14468,11416.24
2375,2025-12-05,80,13,R1,3,28881,16594.43
2376,2025-07-24,27,25,R1,2,14744,9580.0
2377,2025-03-22,28,16,R2,6,22776,13955.65
2378,2025-02-01,93,7,R3,1,6300,3467.2
2379,2025-03-01,3,18,R3,8,67000,45636.23
2380,2025-02-14,38,5,R3,4,32544,20934.79
2381,2025-08-12,92,14,R3,5,38330,22681.58
2382,2025-01-14,55,29,R2,7,12313,9057.28
2383,2025-04-16,70,4,R1,2,11314,6780.94
2384,2025-09-28,24,8,R4,4,8712,5844.61
2385,2025-09-30,58,21,R3,3,6918,5263.99
2386,2025-12-21,92,15,R2,4,18932,12770.94
2387,2025-03-19,54,14,R4,4,34396,19851.99
2388,2025-12-02,45,20,R1,5,33900,20590.1
2389,2025-11-07,31,30,R3,4,32800,18193.85
2390,2025-05-21,76,9,R1,8,66704,41900.34
2391,2025-05-11,12,27,R2,7,56427,37856.2
2392,2025-06-09,14,8,R2,8,5360,3057.87
2393,2025-12-30,22,14,R3,3,12816,7295.0
2394,2025-09-12,66,18,R2,8,54256,29944.29
2395,2025-11-04,3,3,R3,5,38760,23417.39
2396,2025-03-07,33,27,R3,4,21800,12750.53
2397,2025-01-26,62,2,R2,6,29538,19031.19
2398,2025-08-19,64,25,R3,6,32442,25471.21
2399,2025-12-29,78,17,R4,2,11396,7782.58
2400,2025-12-11,80,17,R4,7,58352,45023.46
2401,2025-02-17,26,3,R4,5,1585,1084.58
2402,2025-04-02,83,8,R1,8,72528,40980.01
2403,2025-10-04,48,4,R4,6,2976,2376.37
2404,2025-06-03,96,8,R3,6,15408,9885.1
2405,2025-06-21,32,22,R3,8,7488,4659.06
2406,2025-10-30,67,8,R3,2,8188,6207.3
2407,2025-01-19,21,25,R4,6,45366,31624.48
2408,2025-02-06,71,8,R2,8,35048,20614.9
2409,2025-05-21,2,13,R4,7,48153,30361.48
2410,2025-07-06,72,27,R2,6,28614,21731.71
2411,2025-08-28,12,12,R1,5,32515,21516.5
2412,2025-08-29,54,21,R3,8,40896,30517.6
2413,2025-02-17,95,24,R1,1,4838,2837.08
2414,2025-06-17,47,15,R3,5,9780,6463.2
2415,2025-07-09,59,4,R1,8,56256,37738.92
2416,2025-06-03,33,29,R3,2,18062,12031.69
2417,2025-07-22,74,13,R4,7,4179,2755.5
2418,2025-03-01,69,27,R1,3,28332,18205.34
2419,2025-03-19,90,27,R2,8,49248,37177.15
2420,2025-11-21,84,17,R1,7,50309,29336.34
2421,2025-10-09,45,27,R1,1,3710,2860.97
2422,2025-12-23,72,29,R4,8,57784,45590.03
2423,2025-09-07,40,27,R3,1,2808,2248.79
2424,2025-10-10,86,20,R3,7,15344,9645.88
2425,2025-09-30,33,26,R2,1,8554,6030.31
2426,2025-01-25,18,26,R3,7,21280,14546.63
2427,2025-12-17,12,12,R3,7,19852,14585.1
2428,2025-12-26,68,23,R1,1,8707,6800.23
2429,2025-01-22,83,8,R3,3,25161,14550.23
2430,2025-10-07,55,18,R2,6,35052,27816.54
2431,2025-01-12,4,28,R2,8,54712,34283.67
2432,2025-06-20,40,19,R3,7,64925,53054.8
2433,2025-07-25,74,26,R4,3,17763,12420.34
2434,2025-01-28,2,7,R4,7,5810,4323.65
2435,2025-03-22,49,16,R2,2,8546,6513.08
2436,2025-07-23,55,26,R2,5,20590,11647.12
2437,2025-03-10,84,11,R3,7,28966,22026.06
2438,2025-05-13,68,25,R2,3,13731,10251.08
2439,2025-05-29,7,9,R4,6,8874,6746.64
2440,2025-11-23,42,13,R2,7,23891,15329.55
2441,2025-01-03,67,11,R2,4,31460,17606.52
2442,2025-01-09,32,13,R3,8,2456,1685.43
2443,2025-12-01,15,30,R3,2,15542,8606.35
2444,2025-05-30,59,3,R2,4,29928,18166.36
2445,2025-05-17,14,7,R4,2,17818,13042.08
2446,2025-03-08,49,28,R3,4,6224,4489.85
2447,2025-11-15,5,12,R3,7,8554,6878.48
2448,2025-07-27,69,13,R2,2,19678,12880.08
2449,2025-05-01,22,5,R4,5,1335,872.48
2450,2025-12-11,83,25,R2,3,23805,16466.38
2451,2025-04-04,89,1,R1,2,1456,898.74
2452,2025-07-16,10,11,R3,7,38276,22462.92
2453,2025-08-27,32,8,R4,8,2792,1802.82
2454,2025-09-20,30,11,R3,6,12048,9776.9
2455,2025-05-23,73,23,R2,3,8589,6980.19
2456,2025-11-25,47,3,R2,4,21844,15162.92
2457,2025-03-13,2,3,R4,4,37044,22605.3
2458,2025-04-20,10,6,R1,2,5230,3389.82
2459,2025-10-24,100,17,R1,5,15825,12958.27
2460,2025-03-24,42,25,R2,5,25975,15857.68
2461,2025-06-26,57,19,R3,5,30225,16845.35
2462,2025-10-20,83,11,R2,6,41406,33274.61
2463,2025-11-03,79,23,R1,6,31524,24697.98
2464,2025-01-26,93,27,R1,2,4114,2785.8
2465,2025-11-04,49,24,R1,1,2131,1175.42
2466,2025-03-22,17,16,R3,1,9040,5965.75
2467,2025-06-15,32,20,R1,5,8435,5958.56
2468,2025-06-07,82,27,R3,4,13000,8834.37
2469,2025-05-14,42,7,R3,2,7840,5663.22
2470,2025-08-20,14,1,R2,7,33418,19528.87
2471,2025-09-14,41,19,R2,1,2575,1908.82
2472,2025-09-17,67,22,R2,7,35581,22080.47
2473,2025-04-20,25,16,R1,5,2935,2212.83
2474,2025-09-13,5,26,R2,8,4208,2570.09
2475,2025-08-21,29,7,R2,8,78264,53967.08
2476,2025-01-11,37,12,R3,1,4783,3170.04
2477,2025-11-02,27,3,R2,4,12564,7087.88
2478,2025-12-18,41,28,R3,3,16494,10906.02
2479,2025-04-13,21,30,R4,8,34648,20205.28
2480,2025-07-18,96,8,R3,5,7945,5601.89
2481,2025-11-15,53,11,R2,6,57654,36677.4
2482,2025-03-05,16,19,R2,8,29936,22113.94
2483,2025-05-02,91,22,R2,7,43946,28087.75
2484,2025-04-12,81,19,R3,8,11528,9256.7
2485,2025-08-22,60,4,R1,1,1955,1456.99
2486,2025-08-29,87,29,R1,5,17335,10196.04
2487,2025-01-11,13,6,R1,5,37155,29274.29
2488,2025-06-13,89,17,R3,8,71944,53715.41
2489,2025-06-12,26,19,R2,4,5028,3252.22
2490,2025-01-06,29,20,R1,8,26168,15381.28
2491,2025-05-22,50,11,R4,8,65064,43878.64
2492,2025-03-28,6,7,R4,6,27702,17370.55
2493,2025-04-22,4,26,R1,7,48783,29131.62
2494,2025-04-01,53,10,R3,5,41220,27171.01
2495,2025-12-24,23,22,R3,3,22236,16060.58
2496,2025-01-26,40,23,R4,5,6930,4450.84
2497,2025-03-10,20,14,R1,6,37572,28084.43
2498,2025-02-07,41,4,R1,4,3012,2240.83
2499,2025-12-13,48,3,R4,1,9579,6673.65
2500,2025-04-24,65,1,R4,2,16226,9947.28
2501,2025-01-10,93,8,R4,4,38688,21909.27
2502,2025-03-20,70,21,R2,4,14888,11100.86
2503,2025-10-15,45,12,R4,1,7364,4707.39
2504,2025-09-09,96,15,R4,4,10380,7079.91
2505,2025-06-01,51,18,R1,5,21255,12536.48
2506,2025-10-02,26,30,R4,2,17150,11084.73
2507,2025-04-16,10,13,R4,6,29076,17505.74
2508,2025-12-19,8,29,R1,4,28472,17097.69
2509,2025-11-12,30,13,R1,6,15780,12777.29
2510,2025-02-18,50,29,R1,5,29035,20271.8
2511,2025-11-27,32,24,R2,6,12402,9026.9
2512,2025-08-14,29,13,R2,6,4284,3503.3
2513,2025-12-22,79,27,R2,2,18310,10942.3
2514,2025-08-31,64,9,R2,3,7530,6095.78
2515,2025-01-22,55,29,R2,1,2317,1333.82
2516,2025-12-26,83,5,R3,1,6169,4089.13
2517,2025-01-28,84,5,R4,7,41629,28007.94
2518,2025-07-01,83,26,R4,2,16784,10458.5
2519,2025-05-12,42,27,R3,2,8138,5052.32
2520,2025-08-01,64,8,R3,3,9567,6554.15
2521,2025-09-15,53,14,R4,6,52242,35358.04
2522,2025-03-08,22,4,R2,8,22792,12632.63
2523,2025-08-11,17,17,R2,7,43309,28007.46
2524,2025-05-14,79,21,R3,5,1160,750.06
2525,2025-06-09,90,10,R3,1,478,340.52
2526,2025-11-24,49,2,R4,2,14718,10940.59
2527,2025-12-20,98,8,R2,2,15278,9954.84
2528,2025-04-08,4,25,R1,3,29073,20724.61
2529,2025-09-28,49,13,R3,1,7048,5452.75
2530,2025-01-04,27,1,R1,8,48952,35160.63
2531,2025-11-04,34,13,R1,4,17844,14511.24
2532,2025-04-04,87,3,R1,7,18921,14620.22
2533,2025-08-21,57,13,R2,5,9405,5725.81
2534,2025-12-09,10,29,R3,6,17328,10612.98
2535,2025-11-15,50,13,R4,1,5504,4103.92
2536,2025-04-06,25,16,R2,6,13506,10891.24
2537,2025-12-17,99,20,R1,6,16074,11054.48
2538,2025-08-20,30,28,R3,4,35176,22844.41
2539,2025-04-06,54,27,R4,3,17160,11112.45
2540,2025-06-21,89,10,R2,1,5633,3997.56
2541,2025-07-05,66,29,R3,6,10206,7498.44
2542,2025-04-05,81,18,R4,6,59130,33577.84
2543,2025-03-18,61,29,R4,5,3965,2418.93
2544,2025-06-08,37,10,R2,7,57190,42183.58
2545,2025-10-17,63,30,R3,3,7632,5836.66
2546,2025-06-16,7,13,R4,6,27792,21241.53
2547,2025-08-05,51,12,R3,3,11457,7770.2
2548,2025-10-11,91,18,R4,8,34288,22246.22
2549,2025-06-10,66,7,R2,2,16718,13574.34
2550,2025-09-28,79,23,R4,6,31656,23041.51
2551,2025-09-18,57,24,R3,2,15174,11835.33
2552,2025-05-01,74,17,R1,8,64912,41770.99
2553,2025-06-07,6,18,R3,8,77392,53364.59
2554,2025-06-14,85,21,R3,2,1262,1029.97
2555,2025-01-02,15,17,R3,4,7432,4739.56
2556,2025-01-25,87,6,R3,6,35250,25532.92
2557,2025-12-27,59,3,R3,1,6006,3551.6
2558,2025-03-31,72,13,R3,4,28696,21038.27
2559,2025-07-08,20,17,R3,5,30335,19655.15
2560,2025-12-02,84,10,R4,6,35466,27311.83
2561,2025-11-26,53,9,R1,3,9627,5907.89
2562,2025-07-08,89,5,R2,3,9153,7048.6
2563,2025-06-28,70,27,R3,8,20088,15744.34
2564,2025-08-16,39,23,R4,7,63042,38609.09
2565,2025-05-20,76,15,R1,5,18385,12378.7
2566,2025-08-26,77,19,R1,7,33635,20442.97
2567,2025-09-07,89,4,R3,2,9086,6689.17
2568,2025-03-06,15,27,R1,3,10176,7836.37
2569,2025-09-17,35,29,R2,8,35600,28067.85
2570,2025-05-27,15,12,R1,8,51768,34263.55
2571,2025-07-06,90,26,R1,7,2485,1775.9
2572,2025-06-19,53,13,R1,4,35140,24465.57
2573,2025-10-03,89,5,R1,2,2196,1572.59
2574,2025-12-23,73,24,R1,4,3116,1923.4
2575,2025-08-02,54,23,R2,4,17788,11577.46
2576,2025-04-19,51,2,R3,3,28812,17037.09
2577,2025-09-22,49,16,R1,4,34740,27488.68
2578,2025-08-02,77,30,R3,7,52542,36031.06
2579,2025-07-24,79,28,R1,1,2182,1579.17
2580,2025-02-13,11,17,R4,6,9948,6811.58
2581,2025-02-27,44,17,R2,1,969,791.31
2582,2025-10-29,84,1,R1,8,3896,2417.35
2583,2025-06-26,87,19,R3,1,2763,2120.57
2584,2025-04-27,100,18,R4,5,29075,16112.82
2585,2025-04-28,71,20,R2,8,62800,35946.27
2586,2025-07-18,25,9,R1,4,36928,26687.06
2587,2025-12-12,54,18,R1,4,35852,21216.67
2588,2025-12-20,31,5,R4,3,3375,2001.38
2589,2025-01-17,38,1,R4,3,13977,8876.87
2590,2025-06-24,82,5,R3,8,73056,45606.07
2591,2025-03-10,47,21,R4,1,5209,3473.67
2592,2025-11-16,76,21,R3,5,17620,10760.92
2593,2025-03-17,44,29,R2,6,27810,16267.77
2594,2025-02-16,81,22,R4,4,12088,9110.47
2595,2025-10-06,81,4,R1,2,8154,6228.94
2596,2025-07-16,63,14,R2,3,24555,19089.55
2597,2025-12-18,88,12,R4,1,3144,2304.05
2598,2025-04-25,76,23,R3,4,9108,5156.11
2599,2025-09-04,40,11,R3,3,13254,7943.98
2600,2025-08-22,11,18,R1,4,8932,6532.25
2601,2025-07-02,35,6,R2,2,1268,1033.94
2602,2025-07-19,5,6,R4,8,50680,33957.58
2603,2025-06-07,40,26,R2,5,11465,8297.71
2604,2025-09-13,91,15,R4,7,12901,8075.43
2605,2025-06-09,53,2,R1,2,14142,8200.22
2606,2025-12-17,86,5,R3,3,16620,11052.73
2607,2025-11-21,33,26,R2,7,53564,34958.11
2608,2025-08-06,41,27,R4,3,27555,20217.42
2609,2025-01-01,97,1,R3,4,28924,18346.78
2610,2025-04-01,100,12,R2,4,12800,9039.15
2611,2025-03-19,10,2,R1,6,11442,8367.69
2612,2025-03-19,62,10,R2,7,19355,15246.77
2613,2025-01-24,37,18,R1,7,5145,3855.35
2614,2025-04-28,85,12,R2,7,63532,44656.37
2615,2025-10-14,88,11,R3,6,41058,24390.76
2616,2025-11-20,92,27,R2,8,52728,36420.18
2617,2025-01-14,9,19,R1,4,9572,7399.28
2618,2025-01-24,66,4,R2,7,67998,39450.49
2619,2025-04-25,87,20,R4,6,7320,5560.21
2620,2025-11-16,65,19,R4,1,2335,1478.29
2621,2025-08-08,6,12,R1,8,16160,12438.9
2622,2025-10-25,31,27,R3,7,58086,36120.54
2623,2025-08-22,46,9,R4,8,69272,40474.16
2624,2025-10-02,22,17,R2,6,39216,30197.76
2625,2025-11-06,83,29,R4,6,31176,24216.63
2626,2025-03-24,49,30,R1,2,11492,6952.7
2627,2025-07-21,38,29,R2,8,37640,22966.3
2628,2025-03-16,95,26,R4,4,5576,3324.18
2629,2025-09-30,99,2,R1,7,8652,5233.39
2630,2025-07-02,71,27,R4,8,4000,2248.43
2631,2025-02-28,24,1,R4,3,21864,15827.43
2632,2025-05-14,3,14,R4,2,15846,12332.85
2633,2025-05-05,91,13,R4,5,26810,20110.67
2634,2025-08-09,6,10,R4,7,31745,22546.8
2635,2025-07-31,53,16,R1,8,26448,20935.5
2636,2025-10-27,54,25,R2,5,14340,8349.5
2637,2025-03-13,69,25,R4,4,9372,6953.07
2638,2025-02-05,74,25,R2,3,753,567.26
2639,2025-10-16,29,30,R2,3,25977,16719.22
2640,2025-10-03,14,21,R2,6,27906,16713.04
2641,2025-12-05,98,16,R1,7,23086,13384.82
2642,2025-10-28,85,25,R3,2,8420,4688.99
2643,2025-06-09,33,2,R3,3,3375,2457.21
2644,2025-07-28,42,29,R1,3,4620,2678.45
2645,2025-09-15,57,1,R2,4,9900,6605.09
2646,2025-10-28,85,3,R2,7,37359,26156.48
2647,2025-02-25,71,12,R4,1,7666,5754.72
2648,2025-01-27,39,16,R3,7,10941,8010.45
2649,2025-09-12,17,30,R4,5,36645,26969.51
2650,2025-11-22,35,27,R2,1,9177,5496.15
2651,2025-04-02,29,9,R4,6,22272,18007.35
2652,2025-03-16,23,11,R3,7,68649,47357.92
2653,2025-06-11,62,22,R2,8,74568,41509.53
2654,2025-05-25,14,26,R1,8,35056,20123.75
2655,2025-01-13,81,24,R2,3,24414,14195.57
2656,2025-04-28,63,18,R4,4,24480,16928.87
2657,2025-06-11,65,3,R1,8,9352,7271.56
2658,2025-02-23,51,11,R1,7,64120,43002.59
2659,2025-11-07,21,2,R4,5,32790,21682.87
2660,2025-03-26,31,5,R3,8,34504,22175.27
2661,2025-01-30,9,2,R4,3,7158,5369.68
2662,2025-03-25,41,8,R1,6,17376,10880.81
2663,2025-06-17,90,18,R1,5,43995,25030.42
2664,2025-07-10,50,4,R4,8,57912,44132.06
2665,2025-07-30,78,20,R3,6,55956,32229.87
2666,2025-12-25,22,19,R2,1,4749,3738.18
2667,2025-01-26,89,6,R4,5,40995,32142.35
2668,2025-06-15,83,17,R3,1,6020,3707.88
2669,2025-02-18,90,24,R4,1,3645,2527.38
2670,2025-11-18,5,28,R2,3,27963,18114.54
2671,2025-07-23,58,24,R3,3,25590,16928.7
2672,2025-09-16,97,27,R3,2,8632,5815.5
2673,2025-01-07,69,14,R4,4,27624,17508.12
2674,2025-10-31,87,21,R3,6,51450,34122.7
2675,2025-05-10,15,27,R3,2,10010,6869.01
2676,2025-09-11,98,18,R1,1,9890,5825.8
2677,2025-04-17,98,9,R2,3,11043,8874.52
2678,2025-09-19,66,4,R3,6,23952,14866.71
2679,2025-11-18,93,27,R1,4,10724,8322.75
2680,2025-09-11,5,16,R2,4,8828,6319.38
2681,2025-10-07,60,14,R4,4,10148,6725.27
2682,2025-10-31,26,25,R4,1,1882,1519.25
2683,2025-10-16,62,16,R3,1,3957,3049.35
2684,2025-03-27,20,7,R2,1,7902,5997.72
2685,2025-10-20,16,19,R3,6,48912,34890.08
2686,2025-05-02,53,13,R3,5,41760,31372.9
2687,2025-03-21,75,22,R4,1,5656,4247.07
2688,2025-03-20,43,27,R3,3,22674,18509.99
2689,2025-10-03,16,8,R3,4,12796,9538.48
2690,2025-08-08,60,8,R4,5,2805,2081.18
2691,2025-02-01,79,15,R4,5,3730,2589.28
2692,2025-12-09,100,20,R1,7,36610,26108.6
2693,2025-02-15,54,10,R4,4,15296,9332.69
2694,2025-09-09,56,29,R2,1,765,603.57
2695,2025-02-14,25,1,R3,3,8820,5176.93
2696,2025-05-22,83,15,R2,5,9515,6865.8
2697,2025-01-16,26,25,R1,6,16158,12054.79
2698,2025-08-14,70,24,R2,2,15592,12691.92
2699,2025-10-21,14,14,R1,8,40448,30721.43
2700,2025-07-14,25,30,R2,1,8592,6826.24
2701,2025-06-17,63,10,R4,7,37149,23891.02
2702,2025-07-09,13,5,R3,1,8672,6356.7
2703,2025-01-04,28,14,R2,6,31416,18228.04
2704,2025-12-31,56,11,R2,1,3044,1693.56
2705,2025-11-19,83,10,R4,2,17730,13543.93
2706,2025-02-07,53,8,R4,7,35350,24691.55
2707,2025-09-29,100,5,R4,7,28028,22082.75
2708,2025-06-15,2,28,R3,5,40830,30296.4
2709,2025-05-01,95,15,R1,2,17304,9723.25
2710,2025-05-27,31,14,R1,7,43890,35824.89
2711,2025-04-22,24,8,R3,7,35406,27419.36
2712,2025-01-21,94,11,R4,1,1331,1064.3
2713,2025-12-07,28,4,R4,7,23660,14921.04
2714,2025-06-21,21,19,R2,1,2391,1895.45
2715,2025-03-04,57,12,R1,6,51912,30676.02
2716,2025-12-28,86,2,R2,5,31350,17941.84
2717,2025-06-28,27,24,R4,2,6640,5141.17
2718,2025-05-05,44,20,R3,2,1940,1590.53
2719,2025-02-05,33,29,R1,1,7515,5229.82
2720,2025-04-11,75,6,R3,2,11916,6891.59
2721,2025-08-13,42,2,R1,3,9612,6562.2
2722,2025-11-10,6,11,R4,1,9296,7450.18
2723,2025-02-01,32,14,R4,5,47505,35510.89
2724,2025-12-11,64,23,R1,2,810,491.75
2725,2025-12-07,19,18,R2,7,18830,12428.6
2726,2025-04-26,53,16,R1,2,8124,6074.93
2727,2025-05-03,96,7,R4,6,59448,36179.77
2728,2025-07-19,91,14,R1,1,9829,6378.49
2729,2025-03-08,20,22,R2,6,34722,23164.76
2730,2025-03-21,30,9,R3,3,11310,7355.54
2731,2025-06-12,7,7,R4,6,2328,1825.03
2732,2025-11-08,16,12,R3,5,15220,8393.86
2733,2025-04-13,60,26,R2,6,12966,7772.98
2734,2025-05-02,10,27,R3,8,67152,47729.95
2735,2025-10-02,20,1,R2,3,22014,16055.54
2736,2025-12-17,39,25,R3,6,8874,6096.82
2737,2025-10-21,7,29,R4,3,2424,1659.39
2738,2025-06-27,8,15,R2,3,8733,5211.51
2739,2025-07-29,91,11,R3,8,17216,11126.98
2740,2025-09-10,24,2,R3,6,46932,26239.72
2741,2025-03-28,90,12,R3,3,15360,12394.21
2742,2025-08-28,59,23,R4,8,2312,1556.18
2743,2025-08-27,22,10,R3,5,46390,32303.4
2744,2025-11-23,43,14,R2,4,30160,22678.25
2745,2025-02-03,4,10,R3,8,30184,18936.67
2746,2025-10-15,18,19,R2,2,17850,9969.83
2747,2025-05-23,43,30,R1,5,42395,29767.2
2748,2025-08-12,79,11,R2,1,9966,6292.67
2749,2025-08-05,12,21,R4,1,7902,5266.75
2750,2025-02-22,68,14,R4,7,36239,29292.56
2751,2025-08-13,62,27,R2,1,1418,1017.9
2752,2025-01-03,2,3,R3,8,76712,60451.64
2753,2025-09-26,39,16,R2,2,15536,12278.13
2754,2025-03-26,90,5,R3,6,40458,24734.52
2755,2025-03-17,42,12,R1,1,7857,5325.8
2756,2025-01-14,8,27,R3,5,32435,20359.53
2757,2025-10-26,91,19,R4,2,4158,3271.99
2758,2025-12-03,29,5,R4,4,7496,4170.69
2759,2025-03-30,11,23,R4,1,6292,4230.93
2760,2025-02-06,64,19,R3,5,40490,30647.32
2761,2025-12-26,28,23,R3,4,28172,20841.36
2762,2025-12-21,35,3,R4,2,10214,7013.25
2763,2025-06-02,69,29,R3,8,48288,32044.86
2764,2025-01-23,98,24,R4,7,32067,18541.35
2765,2025-09-30,76,10,R3,7,9331,5481.36
2766,2025-01-17,54,3,R3,6,32646,20748.42
2767,2025-09-15,18,18,R3,4,35412,27293.66
2768,2025-04-01,4,9,R3,7,49014,28758.83
2769,2025-06-08,88,30,R3,1,6912,4840.79
2770,2025-06-14,84,26,R4,7,52129,33815.68
2771,2025-02-06,98,24,R4,6,26562,18595.43
2772,2025-05-03,46,9,R4,4,24876,19008.05
2773,2025-11-22,61,23,R3,2,6618,4828.74
2774,2025-12-10,4,10,R1,3,2925,1825.65
2775,2025-08-31,34,3,R3,4,26096,17837.88
2776,2025-01-31,11,28,R4,6,16014,13074.29
2777,2025-11-03,94,3,R1,4,20336,12918.73
2778,2025-08-05,19,16,R4,5,48730,27916.9
2779,2025-10-08,26,8,R1,6,53724,33829.65
2780,2025-06-22,67,17,R2,4,30344,21910.1
2781,2025-09-27,50,8,R3,2,1872,1420.38
2782,2025-07-12,39,9,R2,7,45038,25889.74
2783,2025-12-13,73,22,R3,2,10638,6457.32
2784,2025-05-27,84,10,R4,4,35312,22737.68
2785,2025-10-25,42,12,R2,4,5120,3975.58
2786,2025-09-03,19,17,R3,4,19936,16292.94
2787,2025-01-18,50,25,R2,5,28760,16960.03
2788,2025-12-05,36,29,R3,5,49240,31331.35
2789,2025-11-14,21,2,R3,6,40542,28767.76
2790,2025-09-10,90,7,R2,8,53656,32168.35
2791,2025-02-11,43,21,R3,8,61888,42225.05
2792,2025-10-08,19,13,R2,1,9978,5725.12
2793,2025-11-24,41,17,R3,6,6594,5017.79
2794,2025-01-14,26,30,R4,4,8448,4794.85
2795,2025-09-11,97,22,R1,3,28083,22823.42
2796,2025-06-21,50,15,R3,4,16292,13094.92
2797,2025-05-17,76,13,R1,5,13975,10163.73
2798,2025-02-02,75,11,R4,7,31647,22411.57
2799,2025-08-01,40,2,R4,5,11350,6436.77
2800,2025-06-22,83,29,R4,6,34824,20065.33
2801,2025-12-15,17,8,R3,6,27726,17012.74
2802,2025-01-20,94,8,R1,5,41100,22766.71
2803,2025-08-08,76,17,R2,3,2703,1635.22
2804,2025-06-22,9,16,R4,4,9652,6729.14
2805,2025-06-05,81,29,R1,6,41040,25391.65
2806,2025-11-12,37,8,R4,3,15789,12196.16
2807,2025-11-06,24,26,R1,6,46386,31250.86
2808,2025-01-23,63,18,R3,6,16758,9378.44
2809,2025-04-12,66,8,R2,7,15281,12034.79
2810,2025-10-07,44,15,R4,7,29631,19688.22
2811,2025-10-11,39,13,R2,7,14973,9102.7
2812,2025-04-08,23,16,R2,3,25068,17597.07
2813,2025-09-16,13,24,R1,8,39376,30254.84
2814,2025-04-04,62,15,R2,6,54720,44815.07
2815,2025-02-10,13,23,R1,5,41675,28923.05
2816,2025-07-06,47,10,R3,5,15400,10689.55
2817,2025-07-29,85,13,R3,1,1462,952.83
2818,2025-06-27,56,26,R4,1,997,688.81
2819,2025-07-24,17,18,R1,8,73824,52772.37
2820,2025-07-13,92,14,R1,3,16320,13326.05
2821,2025-12-17,79,21,R1,7,27643,16844.59
2822,2025-09-17,2,8,R2,1,2977,1692.19
2823,2025-05-19,87,17,R4,1,4171,3332.0
2824,2025-01-02,44,30,R2,6,39324,31216.77
2825,2025-08-01,13,9,R4,4,12200,6826.7
2826,2025-08-19,61,30,R1,1,5886,4753.47
2827,2025-02-15,2,27,R3,7,30100,21585.48
2828,2025-04-08,55,16,R1,8,72592,46263.31
2829,2025-12-06,61,8,R1,7,68376,37790.86
2830,2025-08-26,88,2,R3,1,4424,2853.47
2831,2025-05-04,72,9,R1,1,3187,2499.86
2832,2025-06-19,13,18,R2,3,17796,9923.47
2833,2025-02-10,74,17,R4,2,19386,15752.11
2834,2025-01-16,14,4,R1,7,39123,29489.52
2835,2025-10-14,88,16,R4,7,46641,33067.05
2836,2025-02-24,38,15,R1,1,2233,1555.6
2837,2025-08-22,42,6,R1,3,10443,8227.01
2838,2025-10-08,72,5,R4,4,38060,28634.79
2839,2025-08-24,63,4,R1,5,48915,39062.42
2840,2025-01-26,13,5,R1,3,11595,8950.15
2841,2025-04-14,25,7,R4,4,39620,25177.98
2842,2025-05-02,64,13,R2,4,16256,13116.77
2843,2025-04-04,71,13,R2,2,4566,2846.41
2844,2025-02-16,21,3,R3,3,16263,10644.9
2845,2025-04-29,26,30,R2,5,17520,12911.49
2846,2025-01-18,46,23,R4,4,39844,29388.32
2847,2025-05-03,68,17,R4,7,49084,38947.23
2848,2025-09-22,24,29,R2,1,3672,2369.05
2849,2025-02-08,58,10,R1,8,35360,23240.07
2850,2025-07-01,48,18,R3,2,9082,5145.65
2851,2025-02-14,48,19,R2,6,21870,13779.53
2852,2025-06-10,29,18,R2,4,21084,12960.18
2853,2025-10-13,74,17,R1,2,17528,12003.52
2854,2025-02-08,10,27,R2,7,64323,51118.49
2855,2025-06-11,98,27,R4,1,3991,2816.0
2856,2025-10-07,43,18,R3,6,19020,12518.21
2857,2025-06-10,18,30,R3,5,24005,18076.59
2858,2025-08-24,87,10,R3,4,14764,11202.73
2859,2025-04-22,79,9,R1,7,54313,41111.63
2860,2025-05-30,11,24,R4,1,6859,4531.31
2861,2025-07-02,97,10,R2,2,10220,7671.02
2862,2025-11-05,88,8,R4,3,11532,6866.87
2863,2025-06-28,19,16,R2,1,9304,7585.42
2864,2025-11-10,55,2,R2,1,6840,4766.47
2865,2025-08-09,69,28,R3,4,23584,19126.88
2866,2025-03-05,84,17,R1,2,13036,9658.91
2867,2025-10-15,95,7,R2,7,53109,36172.15
2868,2025-02-28,26,4,R4,7,20846,14512.83
2869,2025-10-03,48,30,R2,3,20952,16089.51
2870,2025-09-30,67,24,R1,1,4020,2649.22
2871,2025-12-07,64,21,R1,5,14290,10661.71
2872,2025-05-07,3,7,R2,4,35192,23064.3
2873,2025-12-15,44,15,R3,8,42696,25698.54
2874,2025-11-07,14,9,R2,3,29091,19203.58
2875,2025-05-17,22,6,R3,1,3902,3023.92
2876,2025-03-02,87,7,R2,8,66968,46344.87
2877,2025-10-07,2,24,R3,3,22311,17246.52
2878,2025-05-23,88,29,R4,7,41937,32039.33
2879,2025-09-11,32,22,R4,8,14176,10715.06
2880,2025-01-11,82,3,R4,8,56696,31888.03
2881,2025-05-28,66,1,R2,7,21784,15190.17
2882,2025-02-02,35,2,R1,4,26324,19256.72
2883,2025-01-05,64,5,R1,7,37618,24774.67
2884,2025-03-04,60,9,R2,3,1248,818.37
2885,2025-09-15,87,26,R4,6,35214,28062.82
2886,2025-07-24,11,23,R2,6,40392,32898.0
2887,2025-08-28,18,13,R2,7,10094,6272.01
2888,2025-08-07,90,20,R2,3,11067,7386.87
2889,2025-11-24,35,19,R4,4,7356,5139.6
2890,2025-12-06,95,18,R3,1,6269,4273.69
2891,2025-09-13,58,4,R1,7,41636,25851.31
2892,2025-08-24,58,18,R3,3,24378,19324.13
2893,2025-03-18,6,24,R3,5,26145,16337.33
2894,2025-07-02,28,9,R2,6,28740,21116.89
2895,2025-04-30,49,12,R1,5,27185,20282.18
2896,2025-12-01,40,17,R3,2,12728,9630.78
2897,2025-04-27,20,23,R2,4,37860,30233.49
2898,2025-11-22,14,29,R1,6,32868,20603.15
2899,2025-10-05,57,12,R1,5,40105,24310.68
2900,2025-11-08,15,17,R2,2,3356,2446.68
2901,2025-10-12,21,12,R3,2,6298,4350.62
2902,2025-08-28,28,11,R3,6,13758,8078.86
2903,2025-04-05,29,23,R4,6,22884,17443.7
2904,2025-04-24,50,25,R3,5,27230,20030.74
2905,2025-09-27,58,24,R4,2,18792,12358.86
2906,2025-07-05,7,5,R3,3,9621,6193.93
2907,2025-07-15,71,2,R3,5,11530,8845.27
2908,2025-09-25,8,5,R2,4,11020,8652.13
2909,2025-02-02,32,4,R2,3,21693,16013.43
2910,2025-05-18,37,7,R3,8,67336,42740.57
2911,2025-05-14,25,5,R4,7,46536,28081.8
2912,2025-09-04,45,15,R4,3,13599,10542.33
2913,2025-06-02,98,15,R4,6,12966,8200.17
2914,2025-03-01,73,13,R4,5,1855,1111.0
2915,2025-06-20,79,13,R2,2,4940,2776.9
2916,2025-10-06,25,2,R4,4,16320,11174.08
2917,2025-07-12,22,22,R2,2,17316,10464.5
2918,2025-04-11,75,30,R2,3,12942,9397.44
2919,2025-08-24,90,24,R3,5,25340,14319.45
2920,2025-10-11,4,19,R3,1,6617,3658.65
2921,2025-09-04,69,29,R4,6,15432,10700.45
2922,2025-02-09,27,10,R2,3,4650,3650.51
2923,2025-04-09,37,22,R2,2,10596,6558.85
2924,2025-05-10,58,13,R4,5,30905,22009.49
2925,2025-01-18,36,2,R4,1,4930,3540.48
2926,2025-08-29,40,9,R1,6,40470,26754.23
2927,2025-07-04,39,20,R2,4,15152,9376.81
2928,2025-04-19,70,14,R3,7,67032,47988.81
2929,2025-04-11,25,17,R2,7,33754,26230.9
2930,2025-04-25,96,25,R1,3,7302,5610.13
2931,2025-04-23,83,1,R1,5,4115,3056.79
2932,2025-11-02,14,12,R3,5,38075,23529.59
2933,2025-12-16,74,14,R3,1,4202,3030.98
2934,2025-01-22,43,25,R1,5,20555,14557.78
2935,2025-10-08,10,13,R2,8,11048,7728.26
2936,2025-11-10,68,26,R1,5,17165,10418.48
2937,2025-07-01,37,1,R4,4,23200,16951.9
2938,2025-02-02,68,28,R4,7,33432,21097.7
2939,2025-01-06,21,30,R4,6,12000,9618.02
2940,2025-07-11,13,7,R1,5,25905,17688.32
2941,2025-03-19,20,17,R2,6,43986,35285.83
2942,2025-01-20,79,19,R2,1,8880,7005.99
2943,2025-05-01,46,9,R2,4,16120,11367.36
2944,2025-05-21,6,12,R3,1,8884,6880.16
2945,2025-06-11,45,15,R4,5,47810,35356.94
2946,2025-04-07,39,28,R3,5,26235,15452.08
2947,2025-03-31,22,23,R3,1,7679,5571.74
2948,2025-03-23,68,8,R4,4,26480,17796.55
2949,2025-04-22,13,21,R4,1,5704,4580.77
2950,2025-06-03,64,26,R3,5,23530,17429.64
2951,2025-07-30,52,12,R1,3,11751,9261.14
2952,2025-06-12,91,11,R2,6,9288,6139.82
2953,2025-07-04,88,20,R1,1,6945,5081.41
2954,2025-10-01,31,13,R3,3,25089,15993.26
2955,2025-11-26,65,29,R1,1,3033,2244.8
2956,2025-10-13,3,2,R4,1,4152,2484.22
2957,2025-09-08,99,5,R2,6,22068,17413.78
2958,2025-01-26,39,26,R2,6,8064,5764.12
2959,2025-07-06,50,23,R2,4,28488,17943.52
2960,2025-01-19,30,17,R3,6,58464,46325.1
2961,2025-10-08,63,15,R3,8,49856,31783.37
2962,2025-08-09,18,21,R4,3,19551,15443.39
2963,2025-01-21,43,24,R2,8,47920,35373.76
2964,2025-12-05,78,30,R3,3,27255,17781.05
2965,2025-02-23,31,29,R4,5,37945,21988.25
2966,2025-08-22,15,20,R2,6,27180,19870.15
2967,2025-10-03,49,11,R1,7,13223,7292.97
2968,2025-12-20,64,6,R4,8,63120,50601.77
2969,2025-07-11,53,6,R2,8,19232,12173.44
2970,2025-11-13,85,8,R4,7,21749,15826.92
2971,2025-09-10,82,23,R4,1,887,725.1
2972,2025-08-07,83,6,R4,4,33176,19801.49
2973,2025-09-27,42,19,R2,1,7774,4277.94
2974,2025-10-25,71,30,R1,1,4785,2668.56
2975,2025-06-22,50,25,R1,5,13315,10521.89
2976,2025-11-30,68,16,R1,8,78784,62945.94
2977,2025-02-17,26,24,R2,4,22192,15781.51
2978,2025-01-26,90,25,R1,5,10745,6215.22
2979,2025-05-24,52,30,R2,5,14430,11050.42
2980,2025-01-03,42,2,R4,7,68131,38186.03
2981,2025-02-09,69,28,R2,1,1512,1009.37
2982,2025-12-21,94,29,R1,3,24396,15904.27
2983,2025-05-30,3,21,R3,2,16606,9145.46
2984,2025-10-05,69,27,R3,3,11502,7114.18
2985,2025-11-26,32,9,R4,3,10749,6649.97
2986,2025-01-23,17,2,R4,6,55914,34093.79
2987,2025-10-03,2,8,R1,4,31588,22572.93
2988,2025-08-28,16,24,R4,7,8855,6703.14
2989,2025-07-06,87,4,R2,1,1560,1248.72
2990,2025-09-04,31,18,R2,7,62895,37772.24
2991,2025-12-01,88,3,R3,8,72560,45575.86
2992,2025-12-05,25,1,R4,2,12362,10084.9
2993,2025-07-04,71,9,R2,5,17880,13901.08
2994,2025-04-02,53,20,R2,3,21219,12457.81
2995,2025-10-31,10,27,R3,5,31980,23324.7
2996,2025-12-11,71,25,R2,5,32235,21564.86
2997,2025-10-31,78,23,R4,3,18018,11555.51
2998,2025-02-17,70,5,R4,6,6732,4923.52
2999,2025-01-17,41,18,R1,6,5490,3779.38
3000,2025-09-15,11,5,R3,2,18690,11927.08
